/* Phosphor Icons (MIT), pinned source commit: 2b75f3ad12b420c9504ef05df8d2564a28f8500e
 * License: main/ui/PHOSPHOR_LICENSE.txt
 * Generated by tools/generate_app_icons.py; do not edit manually. */

#include "app_icons.h"

static const uint8_t app_icon_ai_map[] = {
    0x00, 0x00, 0x00, 0x00, 0x00, 0x00, 0x00, 0x00, 0x00, 0x00, 0x00, 0x00, 0x00, 0x00, 0x00, 0x00,
    0x00, 0x00, 0x00, 0x00, 0x00, 0x00, 0x00, 0x00, 0x00, 0x00, 0x00, 0x00, 0xff, 0x7b, 0xff, 0x7b,
    0x00, 0x00, 0x00, 0x00, 0x00, 0x00, 0x00, 0x00, 0x00, 0x00, 0x00, 0x00, 0x00, 0x00, 0x00, 0x00,
    0x00, 0x00, 0x00, 0x00, 0x00, 0x00, 0x00, 0x00, 0x00, 0x00, 0x00, 0x00, 0x00, 0x00, 0x00, 0x00,
    0x00, 0x00, 0x00, 0x00, 0x00, 0x00, 0x00, 0x00, 0x00, 0x00, 0x00, 0x00, 0x00, 0x00, 0x00, 0x00,
    0x00, 0x00, 0x00, 0x00, 0x00, 0x00, 0x00, 0x00, 0x9f, 0xac, 0x9f, 0xac, 0x00, 0x00, 0x00, 0x00,
    0x00, 0x00, 0x00, 0x00, 0x00, 0x00, 0x00, 0x00, 0x00, 0x00, 0x00, 0x00, 0x00, 0x00, 0x00, 0x00,
    0x00, 0x00, 0x00, 0x00, 0x00, 0x00, 0x00, 0x00, 0x00, 0x00, 0x00, 0x00, 0x00, 0x00, 0x00, 0x00,
    0x00, 0x00, 0x00, 0x00, 0x00, 0x00, 0x00, 0x00, 0x00, 0x00, 0x00, 0x00, 0x00, 0x00, 0x00, 0x00,
    0x00, 0x00, 0x00, 0x00, 0x9f, 0xac, 0x9f, 0xac, 0x00, 0x00, 0x00, 0x00, 0x00, 0x00, 0x00, 0x00,
    0x00, 0x00, 0x00, 0x00, 0x00, 0x00, 0x00, 0x00, 0x00, 0x00, 0x00, 0x00, 0x00, 0x00, 0x00, 0x00,
    0x00, 0x00, 0x00, 0x00, 0x00, 0x00, 0x00, 0x00, 0x00, 0x00, 0x00, 0x00, 0x00, 0x00, 0x00, 0x00,
    0x00, 0x00, 0x00, 0x00, 0x00, 0x00, 0x00, 0x00, 0x00, 0x00, 0x00, 0x00, 0x00, 0x00, 0x00, 0x00,
    0x9f, 0xac, 0x9f, 0xac, 0x00, 0x00, 0x00, 0x00, 0x00, 0x00, 0x00, 0x00, 0x00, 0x00, 0x00, 0x00,
    0x00, 0x00, 0x00, 0x00, 0x00, 0x00, 0x00, 0x00, 0x00, 0x00, 0x00, 0x00, 0x00, 0x00, 0x00, 0x00,
    0x00, 0x00, 0x00, 0x00, 0x00, 0x00, 0x00, 0x00, 0x00, 0x00, 0x00, 0x00, 0x00, 0x00, 0x00, 0x00,
    0x00, 0x00, 0x00, 0x00, 0x00, 0x00, 0x00, 0x00, 0x00, 0x00, 0x00, 0x00, 0x9f, 0xac, 0x9f, 0xac,
    0x00, 0x00, 0x00, 0x00, 0x00, 0x00, 0x00, 0x00, 0x00, 0x00, 0x00, 0x00, 0x00, 0x00, 0x00, 0x00,
    0x00, 0x00, 0x00, 0x00, 0x00, 0x00, 0x00, 0x00, 0x00, 0x00, 0x00, 0x00, 0x00, 0x00, 0x00, 0x00,
    0x00, 0x00, 0x00, 0x00, 0x00, 0x00, 0xbf, 0xac, 0x9f, 0xac, 0xbf, 0xac, 0xbf, 0xac, 0xbf, 0xac,
    0xbf, 0xac, 0xbf, 0xac, 0xbf, 0xac, 0xbf, 0xac, 0x9f, 0xac, 0x9f, 0xac, 0xbf, 0xac, 0xbf, 0xac,
    0xbf, 0xac, 0xbf, 0xac, 0xbf, 0xac, 0xbf, 0xac, 0xbf, 0xac, 0x9f, 0xac, 0xbf, 0xac, 0x00, 0x00,
    0x00, 0x00, 0x00, 0x00, 0x00, 0x00, 0x00, 0x00, 0x00, 0x00, 0x00, 0x00, 0x00, 0x00, 0x5f, 0xac,
    0x9f, 0xac, 0x9f, 0xac, 0x9f, 0xac, 0x9f, 0xac, 0x9f, 0xac, 0x9f, 0xac, 0x9f, 0xac, 0x9f, 0xac,
    0x9f, 0xac, 0x9f, 0xac, 0x9f, 0xac, 0x9f, 0xac, 0x9f, 0xac, 0x9f, 0xac, 0x9f, 0xac, 0x9f, 0xac,
    0x9f, 0xac, 0x9f, 0xac, 0x9f, 0xac, 0x9f, 0xac, 0x9f, 0xac, 0x9f, 0xac, 0x5f, 0xac, 0x00, 0x00,
    0x00, 0x00, 0x00, 0x00, 0x00, 0x00, 0x00, 0x00, 0x00, 0x00, 0x9f, 0xac, 0x9f, 0xac, 0x9f, 0xac,
    0x9f, 0xac, 0x9f, 0xac, 0x9f, 0xac, 0x9f, 0xac, 0x9f, 0xac, 0x9f, 0xac, 0x9f, 0xac, 0x9f, 0xac,
    0x9f, 0xac, 0x9f, 0xac, 0x9f, 0xac, 0x9f, 0xac, 0x9f, 0xac, 0x9f, 0xac, 0x9f, 0xac, 0x9f, 0xac,
    0x9f, 0xac, 0x9f, 0xac, 0x9f, 0xac, 0x9f, 0xac, 0x9f, 0xac, 0x00, 0x00, 0x00, 0x00, 0x00, 0x00,
    0x00, 0x00, 0x00, 0x00, 0xbf, 0xa4, 0x9f, 0xac, 0x9f, 0xac, 0x9f, 0xac, 0x9f, 0xac, 0x9f, 0xac,
    0x9f, 0xac, 0x9f, 0xac, 0x9f, 0xac, 0x9f, 0xac, 0x9f, 0xac, 0x9f, 0xac, 0x9f, 0xac, 0x9f, 0xac,
    0x9f, 0xac, 0x9f, 0xac, 0x9f, 0xac, 0x9f, 0xac, 0x9f, 0xac, 0x9f, 0xac, 0x9f, 0xac, 0x9f, 0xac,
    0x9f, 0xac, 0x9f, 0xac, 0x9f, 0xac, 0xbf, 0xa4, 0x00, 0x00, 0x00, 0x00, 0x00, 0x00, 0x00, 0x00,
    0x9f, 0xac, 0x9f, 0xac, 0x9f, 0xac, 0x9f, 0xac, 0x9f, 0xac, 0x9f, 0xac, 0x9f, 0xac, 0x9f, 0xac,
    0x9f, 0xac, 0x9f, 0xac, 0x9f, 0xac, 0x9f, 0xac, 0x9f, 0xac, 0x9f, 0xac, 0x9f, 0xac, 0x9f, 0xac,
    0x9f, 0xac, 0x9f, 0xac, 0x9f, 0xac, 0x9f, 0xac, 0x9f, 0xac, 0x9f, 0xac, 0x9f, 0xac, 0x9f, 0xac,
    0x9f, 0xac, 0x9f, 0xac, 0x00, 0x00, 0x00, 0x00, 0x00, 0x00, 0x00, 0x00, 0x7f, 0xac, 0x9f, 0xac,
    0x9f, 0xac, 0x9f, 0xac, 0x9f, 0xac, 0x9f, 0xac, 0x9f, 0xac, 0x9f, 0xac, 0x9f, 0xac, 0x9f, 0xac,
    0x9f, 0xac, 0x9f, 0xac, 0x9f, 0xac, 0x9f, 0xac, 0x9f, 0xac, 0x9f, 0xac, 0x9f, 0xac, 0x9f, 0xac,
    0x9f, 0xac, 0x9f, 0xac, 0x9f, 0xac, 0x9f, 0xac, 0x9f, 0xac, 0x9f, 0xac, 0x9f, 0xac, 0x7f, 0xac,
    0x00, 0x00, 0x00, 0x00, 0x00, 0x00, 0x00, 0x00, 0x7f, 0xac, 0x9f, 0xac, 0x9f, 0xac, 0x9f, 0xac,
    0x9f, 0xac, 0x9f, 0xac, 0x9f, 0xac, 0x9f, 0xac, 0x9f, 0xac, 0x9f, 0xac, 0x9f, 0xac, 0x9f, 0xac,
    0x9f, 0xac, 0x9f, 0xac, 0x9f, 0xac, 0x9f, 0xac, 0x9f, 0xac, 0x9f, 0xac, 0x9f, 0xac, 0x9f, 0xac,
    0x9f, 0xac, 0x9f, 0xac, 0x9f, 0xac, 0x9f, 0xac, 0x9f, 0xac, 0x7f, 0xac, 0x00, 0x00, 0x00, 0x00,
    0x00, 0x00, 0x00, 0x00, 0x7f, 0xac, 0x9f, 0xac, 0x9f, 0xac, 0x9f, 0xac, 0x9f, 0xac, 0x9f, 0xac,
    0x9f, 0xac, 0x9f, 0xac, 0x9f, 0xac, 0x9f, 0xac, 0x9f, 0xac, 0x9f, 0xac, 0x9f, 0xac, 0x9f, 0xac,
    0x9f, 0xac, 0x9f, 0xac, 0x9f, 0xac, 0x9f, 0xac, 0x9f, 0xac, 0x9f, 0xac, 0x9f, 0xac, 0x9f, 0xac,
    0x9f, 0xac, 0x9f, 0xac, 0x9f, 0xac, 0x7f, 0xac, 0x00, 0x00, 0x00, 0x00, 0x00, 0x00, 0x00, 0x00,
    0x7f, 0xac, 0x9f, 0xac, 0x9f, 0xac, 0x9f, 0xac, 0x9f, 0xac, 0x9f, 0xac, 0x9f, 0xac, 0x9f, 0xac,
    0x9f, 0xac, 0x7f, 0xa4, 0x9f, 0xac, 0x9f, 0xac, 0x9f, 0xac, 0x9f, 0xac, 0x9f, 0xac, 0x9f, 0xac,
    0x7f, 0xa4, 0x9f, 0xac, 0x9f, 0xac, 0x9f, 0xac, 0x9f, 0xac, 0x9f, 0xac, 0x9f, 0xac, 0x9f, 0xac,
    0x9f, 0xac, 0x7f, 0xac, 0x00, 0x00, 0x00, 0x00, 0x00, 0x00, 0x00, 0x00, 0x7f, 0xac, 0x9f, 0xac,
    0x9f, 0xac, 0x9f, 0xac, 0x9f, 0xac, 0x9f, 0xac, 0x9f, 0xac, 0x7f, 0xac, 0x7f, 0xac, 0x9f, 0xac,
    0x9f, 0xac, 0x9f, 0xac, 0x9f, 0xac, 0x9f, 0xac, 0x9f, 0xac, 0x9f, 0xac, 0x9f, 0xac, 0x7f, 0xac,
    0x7f, 0xac, 0x9f, 0xac, 0x9f, 0xac, 0x9f, 0xac, 0x9f, 0xac, 0x9f, 0xac, 0x9f, 0xac, 0x7f, 0xac,
    0x00, 0x00, 0x00, 0x00, 0x00, 0x00, 0x00, 0x00, 0x7f, 0xac, 0x9f, 0xac, 0x9f, 0xac, 0x9f, 0xac,
    0x9f, 0xac, 0x9f, 0xac, 0x9f, 0xac, 0x9f, 0xac, 0x7f, 0xac, 0x9f, 0xac, 0x9f, 0xac, 0x9f, 0xac,
    0x9f, 0xac, 0x9f, 0xac, 0x9f, 0xac, 0x9f, 0xac, 0x9f, 0xac, 0x7f, 0xac, 0x9f, 0xac, 0x9f, 0xac,
    0x9f, 0xac, 0x9f, 0xac, 0x9f, 0xac, 0x9f, 0xac, 0x9f, 0xac, 0x7f, 0xac, 0x00, 0x00, 0x00, 0x00,
    0x00, 0x00, 0x00, 0x00, 0x7f, 0xac, 0x9f, 0xac, 0x9f, 0xac, 0x9f, 0xac, 0x9f, 0xac, 0x9f, 0xac,
    0x9f, 0xac, 0x9f, 0xac, 0x9f, 0xac, 0x9f, 0xac, 0x9f, 0xac, 0x9f, 0xac, 0x9f, 0xac, 0x9f, 0xac,
    0x9f, 0xac, 0x9f, 0xac, 0x9f, 0xac, 0x9f, 0xac, 0x9f, 0xac, 0x9f, 0xac, 0x9f, 0xac, 0x9f, 0xac,
    0x9f, 0xac, 0x9f, 0xac, 0x9f, 0xac, 0x7f, 0xac, 0x00, 0x00, 0x00, 0x00, 0x00, 0x00, 0x00, 0x00,
    0x7f, 0xac, 0x9f, 0xac, 0x9f, 0xac, 0x9f, 0xac, 0x9f, 0xac, 0x9f, 0xac, 0x9f, 0xac, 0x9f, 0xac,
    0x9f, 0xac, 0x9f, 0xac, 0x9f, 0xac, 0x9f, 0xac, 0x9f, 0xac, 0x9f, 0xac, 0x9f, 0xac, 0x9f, 0xac,
    0x9f, 0xac, 0x9f, 0xac, 0x9f, 0xac, 0x9f, 0xac, 0x9f, 0xac, 0x9f, 0xac, 0x9f, 0xac, 0x9f, 0xac,
    0x9f, 0xac, 0x7f, 0xac, 0x00, 0x00, 0x00, 0x00, 0x00, 0x00, 0x00, 0x00, 0x7f, 0xac, 0x9f, 0xac,
    0x9f, 0xac, 0x9f, 0xac, 0x9f, 0xac, 0x9f, 0xac, 0x9f, 0xac, 0x9f, 0xac, 0x1f, 0x00, 0x9f, 0xac,
    0x9f, 0xac, 0x9f, 0xac, 0x00, 0x00, 0x00, 0x00, 0x9f, 0xac, 0x9f, 0xac, 0x9f, 0xac, 0x1f, 0x00,
    0x9f, 0xac, 0x9f, 0xac, 0x9f, 0xac, 0x9f, 0xac, 0x9f, 0xac, 0x9f, 0xac, 0x9f, 0xac, 0x7f, 0xac,
    0x00, 0x00, 0x00, 0x00, 0x00, 0x00, 0x00, 0x00, 0x7f, 0xac, 0x9f, 0xac, 0x9f, 0xac, 0x9f, 0xac,
    0x9f, 0xac, 0x9f, 0xac, 0x9f, 0xac, 0x9f, 0xac, 0x00, 0x00, 0x9f, 0xac, 0x9f, 0xac, 0x9f, 0xac,
    0x00, 0x00, 0x00, 0x00, 0x9f, 0xac, 0x9f, 0xac, 0x9f, 0xac, 0x00, 0x00, 0x9f, 0xac, 0x9f, 0xac,
    0x9f, 0xac, 0x9f, 0xac, 0x9f, 0xac, 0x9f, 0xac, 0x9f, 0xac, 0x7f, 0xac, 0x00, 0x00, 0x00, 0x00,
    0x00, 0x00, 0x00, 0x00, 0x7f, 0xac, 0x9f, 0xac, 0x9f, 0xac, 0x9f, 0xac, 0x9f, 0xac, 0x9f, 0xac,
    0x9f, 0xac, 0x9f, 0xac, 0x9f, 0xac, 0xbf, 0xac, 0x9f, 0xac, 0x9f, 0xac, 0xbf, 0xac, 0xbf, 0xac,
    0x9f, 0xac, 0x9f, 0xac, 0xbf, 0xac, 0x9f, 0xac, 0x9f, 0xac, 0x9f, 0xac, 0x9f, 0xac, 0x9f, 0xac,
    0x9f, 0xac, 0x9f, 0xac, 0x9f, 0xac, 0x7f, 0xac, 0x00, 0x00, 0x00, 0x00, 0x00, 0x00, 0x00, 0x00,
    0x7f, 0xac, 0x9f, 0xac, 0x9f, 0xac, 0x9f, 0xac, 0x9f, 0xac, 0x9f, 0xac, 0x9f, 0xac, 0x9f, 0xac,
    0x9f, 0xac, 0x9f, 0xac, 0x9f, 0xac, 0x9f, 0xac, 0x9f, 0xac, 0x9f, 0xac, 0x9f, 0xac, 0x9f, 0xac,
    0x9f, 0xac, 0x9f, 0xac, 0x9f, 0xac, 0x9f, 0xac, 0x9f, 0xac, 0x9f, 0xac, 0x9f, 0xac, 0x9f, 0xac,
    0x9f, 0xac, 0x7f, 0xac, 0x00, 0x00, 0x00, 0x00, 0x00, 0x00, 0x00, 0x00, 0x9f, 0xac, 0x9f, 0xac,
    0x9f, 0xac, 0x9f, 0xac, 0x9f, 0xac, 0x9f, 0xac, 0x9f, 0xac, 0x9f, 0xac, 0x9f, 0xac, 0x9f, 0xac,
    0x9f, 0xac, 0x9f, 0xac, 0x9f, 0xac, 0x9f, 0xac, 0x9f, 0xac, 0x9f, 0xac, 0x9f, 0xac, 0x9f, 0xac,
    0x9f, 0xac, 0x9f, 0xac, 0x9f, 0xac, 0x9f, 0xac, 0x9f, 0xac, 0x9f, 0xac, 0x9f, 0xac, 0x9f, 0xac,
    0x00, 0x00, 0x00, 0x00, 0x00, 0x00, 0x00, 0x00, 0x5f, 0x9c, 0x9f, 0xac, 0x9f, 0xac, 0x9f, 0xac,
    0x9f, 0xac, 0x9f, 0xac, 0x9f, 0xac, 0x9f, 0xac, 0x9f, 0xac, 0x9f, 0xac, 0x9f, 0xac, 0x9f, 0xac,
    0x9f, 0xac, 0x9f, 0xac, 0x9f, 0xac, 0x9f, 0xac, 0x9f, 0xac, 0x9f, 0xac, 0x9f, 0xac, 0x9f, 0xac,
    0x9f, 0xac, 0x9f, 0xac, 0x9f, 0xac, 0x9f, 0xac, 0x9f, 0xac, 0xbf, 0xac, 0x00, 0x00, 0x00, 0x00,
    0x00, 0x00, 0x00, 0x00, 0x00, 0x00, 0x9f, 0xac, 0x9f, 0xac, 0x9f, 0xac, 0x9f, 0xac, 0x9f, 0xac,
    0x9f, 0xac, 0x9f, 0xac, 0x9f, 0xac, 0x9f, 0xac, 0x9f, 0xac, 0x9f, 0xac, 0x9f, 0xac, 0x9f, 0xac,
    0x9f, 0xac, 0x9f, 0xac, 0x9f, 0xac, 0x9f, 0xac, 0x9f, 0xac, 0x9f, 0xac, 0x9f, 0xac, 0x9f, 0xac,
    0x9f, 0xac, 0x9f, 0xac, 0x9f, 0xac, 0x00, 0x00, 0x00, 0x00, 0x00, 0x00, 0x00, 0x00, 0x00, 0x00,
    0x00, 0x00, 0x1f, 0xac, 0x9f, 0xac, 0x9f, 0xac, 0x9f, 0xac, 0x9f, 0xac, 0x9f, 0xac, 0x9f, 0xac,
    0x9f, 0xac, 0x9f, 0xac, 0x9f, 0xac, 0x9f, 0xac, 0x9f, 0xac, 0x9f, 0xac, 0x9f, 0xac, 0x9f, 0xac,
    0x9f, 0xac, 0x9f, 0xac, 0x9f, 0xac, 0x9f, 0xac, 0x9f, 0xac, 0x9f, 0xac, 0x9f, 0xac, 0x9f, 0xac,
    0x1f, 0xac, 0x00, 0x00, 0x00, 0x00, 0x00, 0x00, 0x00, 0x00, 0x00, 0x00, 0x00, 0x00, 0x00, 0x00,
    0x00, 0x00, 0x9f, 0xac, 0x9f, 0xac, 0x9f, 0xac, 0x9f, 0xac, 0x9f, 0xac, 0x9f, 0xac, 0x9f, 0xac,
    0x9f, 0xac, 0x9f, 0xac, 0x9f, 0xac, 0x9f, 0xac, 0x9f, 0xac, 0x9f, 0xac, 0x9f, 0xac, 0x9f, 0xac,
    0x9f, 0xac, 0x9f, 0xac, 0x9f, 0xac, 0x9f, 0xac, 0x9f, 0xac, 0x00, 0x00, 0x00, 0x00, 0x00, 0x00,
    0x00, 0x00, 0x00, 0x00, 0x00, 0x00, 0x00, 0x00, 0x00, 0x00, 0x00, 0x00, 0x00, 0x00, 0x00, 0x00,
    0x00, 0x00, 0x00, 0x00, 0x00, 0x00, 0x00, 0x00, 0x00, 0x00, 0x00, 0x00, 0x00, 0x00, 0x00, 0x00,
    0x00, 0x00, 0x00, 0x00, 0x00, 0x00, 0x00, 0x00, 0x00, 0x00, 0x00, 0x00, 0x00, 0x00, 0x00, 0x00,
    0x00, 0x00, 0x00, 0x00, 0x00, 0x00, 0x00, 0x00, 0x00, 0x00, 0x00, 0x00, 0x00, 0x00, 0x00, 0x00,
    0x00, 0x00, 0x00, 0x00, 0x00, 0x00, 0x00, 0x00, 0x00, 0x00, 0x00, 0x00, 0x00, 0x00, 0x00, 0x00,
    0x00, 0x00, 0x00, 0x00, 0x00, 0x00, 0x00, 0x00, 0x00, 0x00, 0x00, 0x00, 0x00, 0x00, 0x00, 0x00,
    0x00, 0x00, 0x00, 0x00, 0x00, 0x00, 0x00, 0x00, 0x00, 0x00, 0x00, 0x00, 0x00, 0x00, 0x00, 0x00,
    0x00, 0x00, 0x00, 0x00, 0x00, 0x00, 0x00, 0x00, 0x00, 0x00, 0x00, 0x00, 0x00, 0x00, 0x00, 0x00,
    0x00, 0x00, 0x00, 0x00, 0x00, 0x00, 0x00, 0x00, 0x00, 0x00, 0x00, 0x00, 0x00, 0x00, 0x00, 0x00,
    0x00, 0x00, 0x00, 0x00, 0x00, 0x00, 0x00, 0x00, 0x00, 0x00, 0x00, 0x00, 0x00, 0x00, 0x00, 0x00,
    0x00, 0x00, 0x00, 0x00, 0x00, 0x00, 0x00, 0x00, 0x00, 0x00, 0x00, 0x00, 0x00, 0x00, 0x00, 0x00,
    0x00, 0x00, 0x00, 0x00, 0x00, 0x00, 0x00, 0x00, 0x00, 0x00, 0x00, 0x00, 0x00, 0x00, 0x00, 0x00,
    0x00, 0x00, 0x00, 0x00, 0x00, 0x00, 0x02, 0x02, 0x00, 0x00, 0x00, 0x00, 0x00, 0x00, 0x00, 0x00,
    0x00, 0x00, 0x00, 0x00, 0x00, 0x00, 0x00, 0x00, 0x00, 0x00, 0x00, 0x00, 0x00, 0x00, 0x00, 0x00,
    0x00, 0x00, 0x00, 0x00, 0xc7, 0xc7, 0x00, 0x00, 0x00, 0x00, 0x00, 0x00, 0x00, 0x00, 0x00, 0x00,
    0x00, 0x00, 0x00, 0x00, 0x00, 0x00, 0x00, 0x00, 0x00, 0x00, 0x00, 0x00, 0x00, 0x00, 0x00, 0x00,
    0x00, 0x00, 0xef, 0xef, 0x00, 0x00, 0x00, 0x00, 0x00, 0x00, 0x00, 0x00, 0x00, 0x00, 0x00, 0x00,
    0x00, 0x00, 0x00, 0x00, 0x00, 0x00, 0x00, 0x00, 0x00, 0x00, 0x00, 0x00, 0x00, 0x00, 0x00, 0x00,
    0xef, 0xef, 0x00, 0x00, 0x00, 0x00, 0x00, 0x00, 0x00, 0x00, 0x00, 0x00, 0x00, 0x00, 0x00, 0x00,
    0x00, 0x00, 0x00, 0x00, 0x00, 0x00, 0x00, 0x00, 0x00, 0x00, 0x00, 0x00, 0x00, 0x00, 0xef, 0xef,
    0x00, 0x00, 0x00, 0x00, 0x00, 0x00, 0x00, 0x00, 0x00, 0x00, 0x00, 0x00, 0x00, 0x00, 0x00, 0x00,
    0x00, 0x00, 0x00, 0x32, 0x5b, 0x5f, 0x5f, 0x5f, 0x5f, 0x5f, 0x5f, 0x5f, 0xf5, 0xf5, 0x5f, 0x5f,
    0x5f, 0x5f, 0x5f, 0x5f, 0x5f, 0x5b, 0x32, 0x00, 0x00, 0x00, 0x00, 0x00, 0x00, 0x00, 0x00, 0x0f,
    0xb8, 0xff, 0xff, 0xff, 0xff, 0xff, 0xff, 0xff, 0xff, 0xff, 0xff, 0xff, 0xff, 0xff, 0xff, 0xff,
    0xff, 0xff, 0xff, 0xff, 0xff, 0xb8, 0x0f, 0x00, 0x00, 0x00, 0x00, 0x00, 0x00, 0xa7, 0xff, 0xdc,
    0x9c, 0x99, 0x99, 0x99, 0x99, 0x99, 0x99, 0x99, 0x99, 0x99, 0x99, 0x99, 0x99, 0x99, 0x99, 0x99,
    0x99, 0x9c, 0xdc, 0xff, 0xa7, 0x00, 0x00, 0x00, 0x00, 0x00, 0x11, 0xfc, 0xe9, 0x3c, 0x33, 0x33,
    0x33, 0x33, 0x33, 0x33, 0x33, 0x33, 0x33, 0x33, 0x33, 0x33, 0x33, 0x33, 0x33, 0x33, 0x33, 0x33,
    0x3c, 0xea, 0xfc, 0x11, 0x00, 0x00, 0x00, 0x00, 0x2e, 0xff, 0xc0, 0x33, 0x33, 0x33, 0x33, 0x33,
    0x33, 0x33, 0x33, 0x33, 0x33, 0x33, 0x33, 0x33, 0x33, 0x33, 0x33, 0x33, 0x33, 0x33, 0x33, 0xc0,
    0xff, 0x2e, 0x00, 0x00, 0x00, 0x00, 0x30, 0xff, 0xbf, 0x33, 0x33, 0x33, 0x33, 0x33, 0x33, 0x33,
    0x33, 0x33, 0x33, 0x33, 0x33, 0x33, 0x33, 0x33, 0x33, 0x33, 0x33, 0x33, 0x33, 0xbf, 0xff, 0x30,
    0x00, 0x00, 0x00, 0x00, 0x30, 0xff, 0xbf, 0x33, 0x33, 0x33, 0x47, 0xbb, 0x9f, 0x33, 0x33, 0x33,
    0x33, 0x33, 0x33, 0x33, 0x33, 0x9f, 0xbb, 0x47, 0x33, 0x33, 0x33, 0xbf, 0xff, 0x30, 0x00, 0x00,
    0x00, 0x00, 0x30, 0xff, 0xbf, 0x33, 0x33, 0x33, 0x9d, 0xff, 0xff, 0x5d, 0x33, 0x33, 0x33, 0x33,
    0x33, 0x33, 0x5d, 0xff, 0xff, 0x9c, 0x33, 0x33, 0x33, 0xbf, 0xff, 0x30, 0x00, 0x00, 0x00, 0x00,
    0x30, 0xff, 0xbf, 0x33, 0x33, 0x33, 0x64, 0xf5, 0xdd, 0x3d, 0x33, 0x33, 0x33, 0x33, 0x33, 0x33,
    0x3d, 0xdd, 0xf5, 0x64, 0x33, 0x33, 0x33, 0xbf, 0xff, 0x30, 0x00, 0x00, 0x00, 0x00, 0x30, 0xff,
    0xbf, 0x33, 0x33, 0x33, 0x33, 0x38, 0x34, 0x33, 0x33, 0x33, 0x33, 0x33, 0x33, 0x33, 0x33, 0x34,
    0x38, 0x33, 0x33, 0x33, 0x33, 0xbf, 0xff, 0x30, 0x00, 0x00, 0x00, 0x00, 0x30, 0xff, 0xbf, 0x33,
    0x33, 0x33, 0x33, 0x33, 0x39, 0x3f, 0x3f, 0x3f, 0x3f, 0x3f, 0x3f, 0x3f, 0x3f, 0x39, 0x33, 0x33,
    0x33, 0x33, 0x33, 0xbf, 0xff, 0x30, 0x00, 0x00, 0x00, 0x00, 0x30, 0xff, 0xbf, 0x33, 0x33, 0x33,
    0x57, 0xd1, 0xfe, 0xff, 0xff, 0xff, 0xff, 0xff, 0xff, 0xff, 0xff, 0xfe, 0xd1, 0x57, 0x33, 0x33,
    0x33, 0xbf, 0xff, 0x30, 0x00, 0x00, 0x00, 0x00, 0x30, 0xff, 0xbf, 0x33, 0x33, 0x41, 0xed, 0xff,
    0xde, 0xdc, 0xff, 0xeb, 0xcf, 0xcf, 0xeb, 0xff, 0xdc, 0xde, 0xff, 0xed, 0x41, 0x33, 0x33, 0xbf,
    0xff, 0x30, 0x00, 0x00, 0x00, 0x00, 0x30, 0xff, 0xbf, 0x33, 0x33, 0x83, 0xff, 0xa1, 0x01, 0x47,
    0xff, 0x97, 0x00, 0x00, 0x97, 0xff, 0x47, 0x01, 0xa1, 0xff, 0x83, 0x33, 0x33, 0xbf, 0xff, 0x30,
    0x00, 0x00, 0x00, 0x00, 0x30, 0xff, 0xbf, 0x33, 0x33, 0x92, 0xff, 0x71, 0x00, 0x47, 0xff, 0x97,
    0x00, 0x00, 0x97, 0xff, 0x47, 0x00, 0x71, 0xff, 0x91, 0x33, 0x33, 0xbf, 0xff, 0x30, 0x00, 0x00,
    0x00, 0x00, 0x30, 0xff, 0xbf, 0x33, 0x33, 0x5e, 0xfe, 0xeb, 0x70, 0x8c, 0xff, 0xbe, 0x5f, 0x5f,
    0xbe, 0xff, 0x8c, 0x70, 0xeb, 0xfe, 0x5e, 0x33, 0x33, 0xbf, 0xff, 0x30, 0x00, 0x00, 0x00, 0x00,
    0x30, 0xff, 0xbf, 0x33, 0x33, 0x33, 0x9f, 0xfe, 0xff, 0xff, 0xff, 0xff, 0xff, 0xff, 0xff, 0xff,
    0xff, 0xff, 0xfe, 0x9f, 0x33, 0x33, 0x33, 0xbf, 0xff, 0x30, 0x00, 0x00, 0x00, 0x00, 0x2c, 0xff,
    0xc2, 0x33, 0x33, 0x33, 0x33, 0x5e, 0x92, 0x99, 0x99, 0x99, 0x99, 0x99, 0x99, 0x99, 0x99, 0x92,
    0x5e, 0x33, 0x33, 0x33, 0x33, 0xc2, 0xff, 0x2c, 0x00, 0x00, 0x00, 0x00, 0x0d, 0xf9, 0xf0, 0x46,
    0x33, 0x33, 0x33, 0x33, 0x33, 0x33, 0x33, 0x33, 0x33, 0x33, 0x33, 0x33, 0x33, 0x33, 0x33, 0x33,
    0x33, 0x33, 0x46, 0xf0, 0xf9, 0x0c, 0x00, 0x00, 0x00, 0x00, 0x00, 0x93, 0xff, 0xec, 0xb6, 0xb2,
    0xb2, 0xb2, 0xb2, 0xb2, 0xb2, 0xb2, 0xb2, 0xb2, 0xb2, 0xb2, 0xb2, 0xb2, 0xb2, 0xb2, 0xb2, 0xb6,
    0xec, 0xff, 0x93, 0x00, 0x00, 0x00, 0x00, 0x00, 0x00, 0x06, 0x98, 0xfc, 0xff, 0xff, 0xff, 0xff,
    0xff, 0xff, 0xff, 0xff, 0xff, 0xff, 0xff, 0xff, 0xff, 0xff, 0xff, 0xff, 0xff, 0xff, 0xfc, 0x98,
    0x06, 0x00, 0x00, 0x00, 0x00, 0x00, 0x00, 0x00, 0x00, 0x15, 0x3b, 0x3f, 0x3f, 0x3f, 0x3f, 0x3f,
    0x3f, 0x3f, 0x3f, 0x3f, 0x3f, 0x3f, 0x3f, 0x3f, 0x3f, 0x3f, 0x3f, 0x3b, 0x15, 0x00, 0x00, 0x00,
    0x00, 0x00, 0x00, 0x00, 0x00, 0x00, 0x00, 0x00, 0x00, 0x00, 0x00, 0x00, 0x00, 0x00, 0x00, 0x00,
    0x00, 0x00, 0x00, 0x00, 0x00, 0x00, 0x00, 0x00, 0x00, 0x00, 0x00, 0x00, 0x00, 0x00, 0x00, 0x00,
    0x00, 0x00, 0x00, 0x00, 0x00, 0x00, 0x00, 0x00, 0x00, 0x00, 0x00, 0x00, 0x00, 0x00, 0x00, 0x00,
    0x00, 0x00, 0x00, 0x00, 0x00, 0x00, 0x00, 0x00, 0x00, 0x00, 0x00, 0x00, 0x00, 0x00, 0x00, 0x00,
    0x00, 0x00, 0x00, 0x00, 0x00, 0x00, 0x00, 0x00, 0x00, 0x00, 0x00, 0x00, 0x00, 0x00, 0x00, 0x00,
    0x00, 0x00, 0x00, 0x00, 0x00, 0x00, 0x00, 0x00, 0x00, 0x00, 0x00, 0x00,
};

const lv_image_dsc_t app_icon_ai = {
    .header.magic = LV_IMAGE_HEADER_MAGIC,
    .header.cf = LV_COLOR_FORMAT_RGB565A8,
    .header.w = 30,
    .header.h = 30,
    .data_size = sizeof(app_icon_ai_map),
    .data = app_icon_ai_map,
};

static const uint8_t app_icon_weather_map[] = {
    0x00, 0x00, 0x00, 0x00, 0x00, 0x00, 0x00, 0x00, 0x00, 0x00, 0x00, 0x00, 0x00, 0x00, 0x00, 0x00,
    0x00, 0x00, 0x00, 0x00, 0x00, 0x00, 0x00, 0x00, 0x00, 0x00, 0x00, 0x00, 0x00, 0x00, 0x00, 0x00,
    0x00, 0x00, 0x00, 0x00, 0x00, 0x00, 0x00, 0x00, 0x00, 0x00, 0x00, 0x00, 0x00, 0x00, 0x00, 0x00,
    0x00, 0x00, 0x00, 0x00, 0x00, 0x00, 0x00, 0x00, 0x00, 0x00, 0x00, 0x00, 0x00, 0x00, 0x00, 0x00,
    0x00, 0x00, 0x00, 0x00, 0x00, 0x00, 0x00, 0x00, 0x00, 0x00, 0x00, 0x00, 0x00, 0x00, 0x00, 0x00,
    0x00, 0x00, 0x00, 0x00, 0x00, 0x00, 0x00, 0x00, 0x00, 0x00, 0x00, 0x00, 0x00, 0x00, 0x00, 0x00,
    0x00, 0x00, 0x00, 0x00, 0x00, 0x00, 0x00, 0x00, 0x00, 0x00, 0x00, 0x00, 0x00, 0x00, 0x00, 0x00,
    0x00, 0x00, 0x00, 0x00, 0x00, 0x00, 0x00, 0x00, 0x00, 0x00, 0x00, 0x00, 0x00, 0x00, 0x00, 0x00,
    0x00, 0x00, 0x00, 0x00, 0x00, 0x00, 0x00, 0x00, 0x00, 0x00, 0x2e, 0xfe, 0xe0, 0xff, 0x00, 0x00,
    0x00, 0x00, 0x00, 0x00, 0x00, 0x00, 0x00, 0x00, 0x00, 0x00, 0x00, 0x00, 0x00, 0x00, 0x00, 0x00,
    0x00, 0x00, 0x00, 0x00, 0x00, 0x00, 0x00, 0x00, 0x00, 0x00, 0x00, 0x00, 0x00, 0x00, 0x00, 0x00,
    0x00, 0x00, 0x00, 0x00, 0x00, 0x00, 0x00, 0x00, 0x00, 0x00, 0x00, 0x00, 0x00, 0x00, 0x00, 0x00,
    0x00, 0x00, 0x00, 0x00, 0x4f, 0xfe, 0x4f, 0xfe, 0x4f, 0xfe, 0x00, 0x00, 0x00, 0x00, 0x00, 0x00,
    0x00, 0x00, 0x00, 0x00, 0x00, 0x00, 0x00, 0x00, 0x00, 0x00, 0x00, 0x00, 0x00, 0x00, 0x00, 0x00,
    0x00, 0x00, 0x00, 0x00, 0x00, 0x00, 0x00, 0x00, 0x00, 0x00, 0x00, 0x00, 0x00, 0x00, 0x00, 0x00,
    0x00, 0x00, 0x00, 0x00, 0x00, 0x00, 0x00, 0x00, 0x00, 0x00, 0x00, 0x00, 0x00, 0x00, 0x00, 0x00,
    0xce, 0xfd, 0x4e, 0xfe, 0x4f, 0xfe, 0x00, 0x00, 0x00, 0x00, 0x00, 0x00, 0x00, 0x00, 0x4e, 0xfe,
    0x4f, 0xfe, 0x00, 0x00, 0x00, 0x00, 0x00, 0x00, 0x00, 0x00, 0x00, 0x00, 0x00, 0x00, 0x00, 0x00,
    0x00, 0x00, 0x00, 0x00, 0x00, 0x00, 0x00, 0x00, 0x00, 0x00, 0x00, 0x00, 0x00, 0x00, 0x00, 0x00,
    0x00, 0x00, 0x00, 0x00, 0x00, 0x00, 0x00, 0x00, 0x00, 0x00, 0x00, 0x00, 0x00, 0x00, 0x4f, 0xfe,
    0x4e, 0xfe, 0x4e, 0xfe, 0x4f, 0xfe, 0xb0, 0xfe, 0x4f, 0xfe, 0x4f, 0xfe, 0x4f, 0xfe, 0x00, 0x00,
    0x00, 0x00, 0x00, 0x00, 0x00, 0x00, 0x00, 0x00, 0x00, 0x00, 0x00, 0x00, 0x00, 0x00, 0x00, 0x00,
    0x00, 0x00, 0x00, 0x00, 0x00, 0x00, 0x00, 0x00, 0x00, 0x00, 0x00, 0x00, 0x00, 0x00, 0x4f, 0xfe,
    0x4f, 0xfe, 0x6e, 0xfe, 0x00, 0x00, 0x4f, 0xfe, 0x4e, 0xfe, 0x4e, 0xfe, 0x4f, 0xfe, 0x4f, 0xfe,
    0x4f, 0xfe, 0x4f, 0xfe, 0x4f, 0xfe, 0x4f, 0xfe, 0x4f, 0xfe, 0x00, 0x00, 0x00, 0x00, 0x00, 0x00,
    0x00, 0x00, 0x00, 0x00, 0x00, 0x00, 0x00, 0x00, 0x00, 0x00, 0x00, 0x00, 0x00, 0x00, 0x00, 0x00,
    0x00, 0x00, 0x00, 0x00, 0x00, 0x00, 0x00, 0x00, 0x00, 0x00, 0x4f, 0xfe, 0x4f, 0xfe, 0x4f, 0xfe,
    0x4f, 0xfe, 0x4f, 0xfe, 0x4f, 0xfe, 0x4f, 0xfe, 0x4f, 0xfe, 0x4e, 0xfe, 0x4f, 0xfe, 0x4e, 0xfe,
    0x4f, 0xfe, 0x4f, 0xfe, 0xed, 0xfd, 0x00, 0x00, 0x00, 0x00, 0x00, 0x00, 0x00, 0x00, 0x00, 0x00,
    0x00, 0x00, 0x00, 0x00, 0x00, 0x00, 0x00, 0x00, 0x00, 0x00, 0x00, 0x00, 0x00, 0x00, 0x00, 0x00,
    0x00, 0x00, 0x00, 0x00, 0x00, 0x00, 0x6f, 0xfe, 0x4e, 0xfe, 0x4e, 0xfe, 0x4f, 0xfe, 0x4f, 0xfe,
    0x4e, 0xfe, 0x2e, 0xfe, 0x4f, 0xfe, 0x4f, 0xfe, 0x4f, 0xfe, 0x2e, 0xfe, 0x4f, 0xfe, 0x4f, 0xfe,
    0x4e, 0xfe, 0x4f, 0xfe, 0x4e, 0xfe, 0x4e, 0xfe, 0x4f, 0xfe, 0x4e, 0xfe, 0xef, 0xfd, 0x00, 0x00,
    0x00, 0x00, 0x00, 0x00, 0x00, 0x00, 0x00, 0x00, 0x00, 0x00, 0x00, 0x00, 0x00, 0x00, 0x00, 0x00,
    0x00, 0x00, 0x00, 0x00, 0x00, 0x00, 0x4f, 0xfe, 0x4f, 0xfe, 0x4f, 0xfe, 0x4f, 0xfe, 0x4f, 0xfe,
    0x4f, 0xfe, 0x4f, 0xfe, 0x4f, 0xfe, 0x4f, 0xfe, 0x4f, 0xfe, 0x4e, 0xfe, 0x4f, 0xfe, 0x4f, 0xfe,
    0x4f, 0xfe, 0x4f, 0xfe, 0x4f, 0xfe, 0x4f, 0xfe, 0x4e, 0xfe, 0x4f, 0xfe, 0x6c, 0xfe, 0x00, 0x00,
    0x00, 0x00, 0x00, 0x00, 0x00, 0x00, 0x00, 0x00, 0x00, 0x00, 0x00, 0x00, 0x00, 0x00, 0x00, 0x00,
    0x6f, 0xfe, 0x4f, 0xfe, 0x4f, 0xfe, 0x2f, 0xfe, 0x4f, 0xfe, 0x4f, 0xfe, 0x4f, 0xfe, 0x4f, 0xfe,
    0x4f, 0xfe, 0x4f, 0xfe, 0x4e, 0xfe, 0x4f, 0xfe, 0x4f, 0xfe, 0x4f, 0xfe, 0x4f, 0xfe, 0x4e, 0xfe,
    0x4e, 0xfe, 0x4f, 0xfe, 0x4e, 0xfe, 0x4f, 0xfe, 0x4e, 0xfe, 0x4e, 0xfe, 0x00, 0x00, 0x00, 0x00,
    0x00, 0x00, 0x00, 0x00, 0x00, 0x00, 0x00, 0x00, 0x00, 0x00, 0x00, 0x00, 0x4e, 0xfe, 0x4f, 0xfe,
    0x4e, 0xfe, 0x4f, 0xfe, 0x4f, 0xfe, 0x4f, 0xfe, 0x4f, 0xfe, 0x4f, 0xfe, 0x4f, 0xfe, 0x4f, 0xfe,
    0x4f, 0xfe, 0x4f, 0xfe, 0xef, 0xff, 0x00, 0x00, 0x00, 0x00, 0x00, 0x00, 0x00, 0x00, 0x00, 0x00,
    0x4e, 0xfe, 0x4f, 0xfe, 0x4f, 0xfe, 0x4f, 0xfe, 0x2e, 0xfe, 0x00, 0x00, 0x00, 0x00, 0x00, 0x00,
    0x00, 0x00, 0x00, 0x00, 0x4e, 0xfe, 0x4f, 0xfe, 0x4e, 0xfe, 0x4f, 0xfe, 0x4f, 0xfe, 0x4f, 0xfe,
    0x4f, 0xfe, 0x4f, 0xfe, 0x4f, 0xfe, 0x4e, 0xfe, 0x4e, 0xfe, 0x4f, 0xfe, 0x2e, 0xfe, 0x00, 0x00,
    0x00, 0x00, 0x00, 0x00, 0x00, 0x00, 0x00, 0x00, 0x00, 0x00, 0x00, 0x00, 0x00, 0x00, 0xef, 0xfd,
    0x4f, 0xfe, 0x4f, 0xfe, 0x4e, 0xfe, 0x00, 0x00, 0x00, 0x00, 0x00, 0x00, 0x00, 0x00, 0x00, 0x00,
    0x4f, 0xfe, 0x4f, 0xfe, 0x4f, 0xfe, 0x4f, 0xfe, 0x4e, 0xfe, 0x4f, 0xfe, 0x4f, 0xfe, 0x4f, 0xfe,
    0x4f, 0xfe, 0x4f, 0xfe, 0x4f, 0xfe, 0x4e, 0xfe, 0x00, 0x00, 0x00, 0x00, 0x00, 0x00, 0x00, 0x00,
    0x00, 0x00, 0x00, 0x00, 0x00, 0x00, 0x00, 0x00, 0x00, 0x00, 0x00, 0x00, 0xce, 0xfd, 0x4f, 0xfe,
    0x4f, 0xfe, 0x4f, 0xfe, 0x00, 0x00, 0x00, 0x00, 0x00, 0x00, 0x00, 0x00, 0x4f, 0xfe, 0x4f, 0xfe,
    0x4f, 0xfe, 0x4e, 0xfe, 0x4f, 0xfe, 0x4e, 0xfe, 0x4e, 0xfe, 0x4f, 0xfe, 0x4f, 0xfe, 0x4f, 0xfe,
    0x4f, 0xfe, 0x00, 0x00, 0x00, 0x00, 0x00, 0x00, 0x00, 0x00, 0x00, 0x00, 0x00, 0x00, 0x00, 0x00,
    0x00, 0x00, 0x00, 0x00, 0x00, 0x00, 0x00, 0x00, 0x00, 0x00, 0x4e, 0xfe, 0x4f, 0xfe, 0x4f, 0xfe,
    0x00, 0x00, 0x00, 0x00, 0x00, 0x00, 0x00, 0x00, 0x00, 0x00, 0x00, 0x00, 0x00, 0x00, 0x4e, 0xfe,
    0x4f, 0xfe, 0x4f, 0xfe, 0x4f, 0xfe, 0x4e, 0xfe, 0x4f, 0xfe, 0x4f, 0xfe, 0x4e, 0xfe, 0x00, 0x00,
    0x00, 0x00, 0x00, 0x00, 0x00, 0x00, 0x00, 0x00, 0x00, 0x00, 0x00, 0x00, 0x00, 0x00, 0x00, 0x00,
    0x00, 0x00, 0x00, 0x00, 0x00, 0x00, 0x2e, 0xfe, 0x4f, 0xfe, 0x4f, 0xfe, 0x00, 0x00, 0x00, 0x00,
    0x00, 0x00, 0x00, 0x00, 0x00, 0x00, 0x00, 0x00, 0x4d, 0xfe, 0x4f, 0xfe, 0x4f, 0xfe, 0x4e, 0xfe,
    0x2e, 0xfe, 0x00, 0x00, 0x4f, 0xfe, 0x4f, 0xfe, 0x4f, 0xfe, 0x00, 0x00, 0x00, 0x00, 0x00, 0x00,
    0x00, 0x00, 0x00, 0x00, 0x00, 0x00, 0x00, 0x00, 0x00, 0x00, 0x00, 0x00, 0x00, 0x00, 0x00, 0x00,
    0x00, 0x00, 0x00, 0x00, 0x4f, 0xfe, 0x4f, 0xfe, 0x2e, 0xfe, 0x00, 0x00, 0x00, 0x00, 0x00, 0x00,
    0x00, 0x00, 0x00, 0x00, 0x4e, 0xfe, 0x4f, 0xfe, 0x4f, 0xfe, 0x00, 0x00, 0x00, 0x00, 0x00, 0x00,
    0x4e, 0xfe, 0x4f, 0xfe, 0xce, 0xfd, 0x00, 0x00, 0x00, 0x00, 0x00, 0x00, 0x00, 0x00, 0x00, 0x00,
    0x00, 0x00, 0x00, 0x00, 0x00, 0x00, 0x00, 0x00, 0x00, 0x00, 0x00, 0x00, 0x00, 0x00, 0x00, 0x00,
    0x4f, 0xfe, 0x4f, 0xfe, 0x4e, 0xfe, 0x00, 0x00, 0x00, 0x00, 0x00, 0x00, 0x00, 0x00, 0xef, 0xfe,
    0x4f, 0xfe, 0x4f, 0xfe, 0xb0, 0xfe, 0x00, 0x00, 0x00, 0x00, 0x00, 0x00, 0x00, 0x00, 0x00, 0x00,
    0x00, 0x00, 0x00, 0x00, 0x00, 0x00, 0x00, 0x00, 0x00, 0x00, 0x00, 0x00, 0x00, 0x00, 0x00, 0x00,
    0x00, 0x00, 0x00, 0x00, 0x00, 0x00, 0x00, 0x00, 0x00, 0x00, 0x00, 0x00, 0x4e, 0xfe, 0x4e, 0xfe,
    0x6c, 0xfe, 0x00, 0x00, 0x00, 0x00, 0x00, 0x00, 0x00, 0x00, 0x4e, 0xfe, 0x4f, 0xfe, 0x4f, 0xfe,
    0x00, 0x00, 0x00, 0x00, 0x00, 0x00, 0x00, 0x00, 0x00, 0x00, 0x00, 0x00, 0x00, 0x00, 0x00, 0x00,
    0x00, 0x00, 0x00, 0x00, 0x00, 0x00, 0x00, 0x00, 0x00, 0x00, 0x00, 0x00, 0x00, 0x00, 0x00, 0x00,
    0x00, 0x00, 0x00, 0x00, 0x00, 0x00, 0x2e, 0xfe, 0x4e, 0xfe, 0x4e, 0xfe, 0x00, 0x00, 0x00, 0x00,
    0x00, 0x00, 0x00, 0x00, 0x00, 0x00, 0x6f, 0xfe, 0x4f, 0xfe, 0x4f, 0xfe, 0x00, 0x00, 0x00, 0x00,
    0x00, 0x00, 0x00, 0x00, 0x00, 0x00, 0x00, 0x00, 0x00, 0x00, 0x00, 0x00, 0x00, 0x00, 0x00, 0x00,
    0x00, 0x00, 0x00, 0x00, 0x00, 0x00, 0x00, 0x00, 0x00, 0x00, 0x00, 0x00, 0x00, 0x00, 0x00, 0x00,
    0x00, 0x00, 0x4f, 0xfe, 0x4f, 0xfe, 0x4f, 0xfe, 0x00, 0x00, 0x00, 0x00, 0x00, 0x00, 0x00, 0x00,
    0x00, 0x00, 0x6e, 0xfe, 0x4f, 0xfe, 0x4e, 0xfe, 0x00, 0xf8, 0x00, 0x00, 0x00, 0x00, 0x00, 0x00,
    0x00, 0x00, 0x00, 0x00, 0x00, 0x00, 0x00, 0x00, 0x00, 0x00, 0x00, 0x00, 0x00, 0x00, 0x00, 0x00,
    0x00, 0x00, 0x00, 0x00, 0x00, 0x00, 0x00, 0x00, 0x00, 0x00, 0x00, 0x00, 0x4f, 0xfe, 0x4f, 0xfe,
    0x4f, 0xfe, 0x4e, 0xfe, 0x00, 0x00, 0x00, 0x00, 0x00, 0x00, 0x00, 0x00, 0x00, 0x00, 0x00, 0x00,
    0x4f, 0xfe, 0x4f, 0xfe, 0x4f, 0xfe, 0x00, 0x00, 0x00, 0x00, 0x00, 0x00, 0x00, 0x00, 0x00, 0x00,
    0x00, 0x00, 0x00, 0x00, 0x00, 0x00, 0x00, 0x00, 0x00, 0x00, 0x00, 0x00, 0x00, 0x00, 0x00, 0x00,
    0x00, 0x00, 0x00, 0x00, 0x00, 0x00, 0x2e, 0xfe, 0x4f, 0xfe, 0x4f, 0xfe, 0x4e, 0xfe, 0x00, 0x00,
    0x00, 0x00, 0x00, 0x00, 0x00, 0x00, 0x00, 0x00, 0x00, 0x00, 0x00, 0x00, 0x4f, 0xfe, 0x4e, 0xfe,
    0x4e, 0xfe, 0x4e, 0xfe, 0x00, 0x00, 0x00, 0x00, 0x00, 0x00, 0x00, 0x00, 0x00, 0x00, 0x00, 0x00,
    0x00, 0x00, 0x00, 0x00, 0x00, 0x00, 0x00, 0x00, 0x00, 0x00, 0x00, 0x00, 0x00, 0x00, 0x2e, 0xfe,
    0x4e, 0xfe, 0x4f, 0xfe, 0x4f, 0xfe, 0x4f, 0xfe, 0xe0, 0xff, 0x00, 0x00, 0x00, 0x00, 0x00, 0x00,
    0x00, 0x00, 0x00, 0x00, 0x00, 0x00, 0x00, 0x00, 0x00, 0x00, 0x4f, 0xfe, 0x4f, 0xfe, 0x4f, 0xfe,
    0x4f, 0xfe, 0x4e, 0xfe, 0x4f, 0xfe, 0x4f, 0xfe, 0x4f, 0xfe, 0x4f, 0xfe, 0x4f, 0xfe, 0x4f, 0xfe,
    0x4f, 0xfe, 0x4f, 0xfe, 0x4f, 0xfe, 0x4e, 0xfe, 0x4f, 0xfe, 0x4e, 0xfe, 0x4f, 0xfe, 0x4e, 0xfe,
    0x4e, 0xfe, 0xe0, 0xff, 0x00, 0x00, 0x00, 0x00, 0x00, 0x00, 0x00, 0x00, 0x00, 0x00, 0x00, 0x00,
    0x00, 0x00, 0x00, 0x00, 0x00, 0x00, 0x00, 0x00, 0x2e, 0xfe, 0x4f, 0xfe, 0x4e, 0xfe, 0x4f, 0xfe,
    0x4f, 0xfe, 0x4f, 0xfe, 0x4f, 0xfe, 0x4f, 0xfe, 0x4f, 0xfe, 0x4f, 0xfe, 0x4f, 0xfe, 0x4f, 0xfe,
    0x4f, 0xfe, 0x4f, 0xfe, 0x4f, 0xfe, 0x4e, 0xfe, 0x4f, 0xfe, 0x6f, 0xfe, 0x00, 0x00, 0x00, 0x00,
    0x00, 0x00, 0x00, 0x00, 0x00, 0x00, 0x00, 0x00, 0x00, 0x00, 0x00, 0x00, 0x00, 0x00, 0x00, 0x00,
    0x00, 0x00, 0x00, 0x00, 0x00, 0x00, 0x00, 0x00, 0x0f, 0xfe, 0x6e, 0xfe, 0x4f, 0xfe, 0x4f, 0xfe,
    0x4f, 0xfe, 0x4f, 0xfe, 0x4f, 0xfe, 0x4f, 0xfe, 0x4f, 0xfe, 0x4f, 0xfe, 0x4f, 0xfe, 0x4f, 0xfe,
    0x4e, 0xfe, 0xef, 0xff, 0x00, 0x00, 0x00, 0x00, 0x00, 0x00, 0x00, 0x00, 0x00, 0x00, 0x00, 0x00,
    0x00, 0x00, 0x00, 0x00, 0x00, 0x00, 0x00, 0x00, 0x00, 0x00, 0x00, 0x00, 0x00, 0x00, 0x00, 0x00,
    0x00, 0x00, 0x00, 0x00, 0x00, 0x00, 0x00, 0x00, 0x00, 0x00, 0x00, 0x00, 0x00, 0x00, 0x00, 0x00,
    0x00, 0x00, 0x00, 0x00, 0x00, 0x00, 0x00, 0x00, 0x00, 0x00, 0x00, 0x00, 0x00, 0x00, 0x00, 0x00,
    0x00, 0x00, 0x00, 0x00, 0x00, 0x00, 0x00, 0x00, 0x00, 0x00, 0x00, 0x00, 0x00, 0x00, 0x00, 0x00,
    0x00, 0x00, 0x00, 0x00, 0x00, 0x00, 0x00, 0x00, 0x00, 0x00, 0x00, 0x00, 0x00, 0x00, 0x00, 0x00,
    0x00, 0x00, 0x00, 0x00, 0x00, 0x00, 0x00, 0x00, 0x00, 0x00, 0x00, 0x00, 0x00, 0x00, 0x00, 0x00,
    0x00, 0x00, 0x00, 0x00, 0x00, 0x00, 0x00, 0x00, 0x00, 0x00, 0x00, 0x00, 0x00, 0x00, 0x00, 0x00,
    0x00, 0x00, 0x00, 0x00, 0x00, 0x00, 0x00, 0x00, 0x00, 0x00, 0x00, 0x00, 0x00, 0x00, 0x00, 0x00,
    0x00, 0x00, 0x00, 0x00, 0x00, 0x00, 0x00, 0x00, 0x00, 0x00, 0x00, 0x00, 0x00, 0x00, 0x00, 0x00,
    0x00, 0x00, 0x00, 0x00, 0x00, 0x00, 0x00, 0x00, 0x00, 0x00, 0x00, 0x00, 0x00, 0x00, 0x00, 0x00,
    0x00, 0x00, 0x00, 0x00, 0x00, 0x00, 0x00, 0x00, 0x00, 0x00, 0x00, 0x00, 0x00, 0x00, 0x00, 0x00,
    0x00, 0x00, 0x00, 0x00, 0x00, 0x00, 0x00, 0x00, 0x00, 0x00, 0x00, 0x00, 0x00, 0x00, 0x00, 0x00,
    0x00, 0x00, 0x00, 0x00, 0x00, 0x00, 0x00, 0x00, 0x00, 0x00, 0x00, 0x00, 0x00, 0x00, 0x00, 0x00,
    0x00, 0x00, 0x00, 0x00, 0x00, 0x00, 0x00, 0x00, 0x00, 0x00, 0x00, 0x00, 0x00, 0x00, 0x00, 0x00,
    0x00, 0x00, 0x00, 0x00, 0x00, 0x00, 0x00, 0x00, 0x00, 0x00, 0x00, 0x00, 0x00, 0x00, 0x00, 0x00,
    0x00, 0x00, 0x00, 0x00, 0x00, 0x00, 0x00, 0x00, 0x00, 0x00, 0x00, 0x00, 0x00, 0x09, 0x01, 0x00,
    0x00, 0x00, 0x00, 0x00, 0x00, 0x00, 0x00, 0x00, 0x00, 0x00, 0x00, 0x00, 0x00, 0x00, 0x00, 0x00,
    0x00, 0x00, 0x00, 0x00, 0x00, 0x00, 0x00, 0x00, 0x00, 0x00, 0x13, 0xf1, 0x95, 0x00, 0x00, 0x00,
    0x00, 0x00, 0x00, 0x00, 0x00, 0x00, 0x00, 0x00, 0x00, 0x00, 0x00, 0x00, 0x00, 0x00, 0x00, 0x00,
    0x00, 0x00, 0x00, 0x00, 0x00, 0x00, 0x00, 0x00, 0x0f, 0xfe, 0xd7, 0x00, 0x00, 0x00, 0x00, 0x5f,
    0x79, 0x00, 0x00, 0x00, 0x00, 0x00, 0x00, 0x00, 0x00, 0x00, 0x00, 0x00, 0x00, 0x00, 0x00, 0x00,
    0x00, 0x00, 0x00, 0x00, 0x00, 0x00, 0x00, 0xe1, 0xfc, 0x5d, 0x3d, 0x06, 0x39, 0xfb, 0xee, 0x00,
    0x00, 0x00, 0x00, 0x00, 0x00, 0x00, 0x00, 0x00, 0x00, 0x00, 0x00, 0x00, 0x00, 0x00, 0x00, 0x2c,
    0x86, 0x14, 0x00, 0x31, 0xbe, 0xfe, 0xff, 0xff, 0xff, 0xee, 0xe6, 0xff, 0x5f, 0x00, 0x00, 0x00,
    0x00, 0x00, 0x00, 0x00, 0x00, 0x00, 0x00, 0x00, 0x00, 0x00, 0x00, 0x00, 0x00, 0x88, 0xff, 0xe6,
    0x82, 0xf8, 0xff, 0xe1, 0xaa, 0x9e, 0xc0, 0xfa, 0xff, 0xe9, 0x0c, 0x00, 0x00, 0x00, 0x00, 0x00,
    0x00, 0x00, 0x00, 0x00, 0x00, 0x00, 0x00, 0x00, 0x00, 0x00, 0x00, 0x0a, 0x9a, 0xfe, 0xff, 0xfb,
    0x89, 0x34, 0x33, 0x33, 0x33, 0x4d, 0xd3, 0xff, 0xad, 0x60, 0x83, 0x8b, 0x75, 0x41, 0x04, 0x00,
    0x00, 0x00, 0x00, 0x00, 0x00, 0x00, 0x00, 0x00, 0x00, 0x00, 0x00, 0xc5, 0xff, 0x8c, 0x33, 0x33,
    0x33, 0x33, 0x33, 0x33, 0x6a, 0xfe, 0xff, 0xff, 0xff, 0xff, 0xff, 0xff, 0xe7, 0x73, 0x05, 0x00,
    0x00, 0x00, 0x00, 0x00, 0x00, 0x00, 0x00, 0x00, 0x15, 0xfd, 0xe7, 0x35, 0x33, 0x33, 0x33, 0x33,
    0x33, 0x93, 0xfc, 0xff, 0xd9, 0x84, 0x57, 0x4f, 0x6d, 0xb0, 0xfc, 0xff, 0xc9, 0x18, 0x00, 0x00,
    0x00, 0x00, 0x00, 0x00, 0x00, 0x00, 0x43, 0xff, 0xb4, 0x33, 0x33, 0x33, 0x33, 0x33, 0x97, 0xff,
    0xf3, 0x63, 0x02, 0x00, 0x00, 0x00, 0x00, 0x00, 0x27, 0xc4, 0xff, 0xd7, 0x12, 0x00, 0x00, 0x00,
    0x00, 0x00, 0x25, 0x66, 0xaf, 0xff, 0xaa, 0x33, 0x33, 0x33, 0x33, 0x67, 0xfe, 0xf1, 0x32, 0x00,
    0x00, 0x00, 0x00, 0x00, 0x00, 0x00, 0x00, 0x04, 0xb1, 0xff, 0xad, 0x00, 0x00, 0x00, 0x00, 0x00,
    0xeb, 0xff, 0xff, 0xff, 0xcf, 0x33, 0x33, 0x33, 0x33, 0xd8, 0xff, 0x58, 0x00, 0x00, 0x00, 0x00,
    0x00, 0x00, 0x00, 0x00, 0x00, 0x00, 0x0b, 0xdf, 0xff, 0x3d, 0x00, 0x00, 0x00, 0x00, 0x64, 0x80,
    0x53, 0xde, 0xfd, 0x9e, 0xcf, 0xec, 0xea, 0xff, 0xc8, 0x00, 0x00, 0x00, 0x00, 0x00, 0x00, 0x00,
    0x00, 0x00, 0x00, 0x00, 0x00, 0x5f, 0xff, 0xa4, 0x00, 0x00, 0x00, 0x00, 0x00, 0x00, 0x00, 0x78,
    0xff, 0xff, 0xff, 0xf6, 0xfb, 0xff, 0x6e, 0x00, 0x00, 0x00, 0x00, 0x00, 0x00, 0x00, 0x00, 0x00,
    0x00, 0x00, 0x00, 0x09, 0xf6, 0xea, 0x00, 0x00, 0x00, 0x00, 0x00, 0x00, 0x17, 0xe6, 0xff, 0xad,
    0x2d, 0x00, 0xa5, 0xff, 0x3b, 0x00, 0x00, 0x00, 0x00, 0x00, 0x00, 0x00, 0x00, 0x00, 0x00, 0x00,
    0x00, 0x00, 0xce, 0xff, 0x12, 0x00, 0x00, 0x00, 0x00, 0x00, 0x9c, 0xff, 0x99, 0x00, 0x00, 0x00,
    0x5c, 0xb5, 0x0b, 0x00, 0x00, 0x00, 0x00, 0x00, 0x00, 0x00, 0x00, 0x00, 0x00, 0x00, 0x00, 0x00,
    0xc1, 0xff, 0x1c, 0x00, 0x00, 0x00, 0x00, 0x08, 0xf5, 0xf0, 0x0c, 0x00, 0x00, 0x00, 0x00, 0x00,
    0x00, 0x00, 0x00, 0x00, 0x00, 0x00, 0x00, 0x00, 0x00, 0x00, 0x00, 0x00, 0x00, 0x00, 0xda, 0xfe,
    0x0a, 0x00, 0x00, 0x00, 0x00, 0x30, 0xff, 0xb2, 0x00, 0x00, 0x00, 0x00, 0x00, 0x00, 0x00, 0x00,
    0x00, 0x00, 0x00, 0x00, 0x00, 0x00, 0x00, 0x00, 0x00, 0x00, 0x00, 0x1a, 0xfe, 0xd8, 0x00, 0x00,
    0x00, 0x00, 0x00, 0x37, 0xff, 0xa8, 0x00, 0x00, 0x00, 0x00, 0x00, 0x00, 0x00, 0x00, 0x00, 0x00,
    0x00, 0x00, 0x00, 0x00, 0x00, 0x00, 0x00, 0x00, 0x00, 0x84, 0xff, 0x88, 0x00, 0x00, 0x00, 0x00,
    0x00, 0x14, 0xfd, 0xdd, 0x01, 0x00, 0x00, 0x00, 0x00, 0x00, 0x00, 0x00, 0x00, 0x00, 0x00, 0x00,
    0x00, 0x00, 0x00, 0x00, 0x00, 0x00, 0x2c, 0xf7, 0xf6, 0x1d, 0x00, 0x00, 0x00, 0x00, 0x00, 0x00,
    0xc0, 0xff, 0x5d, 0x00, 0x00, 0x00, 0x00, 0x00, 0x00, 0x00, 0x00, 0x00, 0x00, 0x00, 0x00, 0x00,
    0x00, 0x00, 0x00, 0x29, 0xe2, 0xff, 0x76, 0x00, 0x00, 0x00, 0x00, 0x00, 0x00, 0x00, 0x3b, 0xfc,
    0xf6, 0x5d, 0x00, 0x00, 0x00, 0x00, 0x00, 0x00, 0x00, 0x00, 0x00, 0x00, 0x00, 0x00, 0x00, 0x0d,
    0x78, 0xf3, 0xff, 0x9f, 0x01, 0x00, 0x00, 0x00, 0x00, 0x00, 0x00, 0x00, 0x00, 0x66, 0xfb, 0xff,
    0xdb, 0xa7, 0x9f, 0x9f, 0x9f, 0x9f, 0x9f, 0x9f, 0x9f, 0x9f, 0x9f, 0xa3, 0xc0, 0xf6, 0xff, 0xfa,
    0x7f, 0x01, 0x00, 0x00, 0x00, 0x00, 0x00, 0x00, 0x00, 0x00, 0x00, 0x00, 0x3b, 0xc1, 0xfe, 0xff,
    0xff, 0xff, 0xff, 0xff, 0xff, 0xff, 0xff, 0xff, 0xff, 0xff, 0xff, 0xed, 0x9b, 0x28, 0x00, 0x00,
    0x00, 0x00, 0x00, 0x00, 0x00, 0x00, 0x00, 0x00, 0x00, 0x00, 0x00, 0x00, 0x15, 0x38, 0x3f, 0x3f,
    0x3f, 0x3f, 0x3f, 0x3f, 0x3f, 0x3f, 0x3f, 0x3b, 0x25, 0x02, 0x00, 0x00, 0x00, 0x00, 0x00, 0x00,
    0x00, 0x00, 0x00, 0x00, 0x00, 0x00, 0x00, 0x00, 0x00, 0x00, 0x00, 0x00, 0x00, 0x00, 0x00, 0x00,
    0x00, 0x00, 0x00, 0x00, 0x00, 0x00, 0x00, 0x00, 0x00, 0x00, 0x00, 0x00, 0x00, 0x00, 0x00, 0x00,
    0x00, 0x00, 0x00, 0x00, 0x00, 0x00, 0x00, 0x00, 0x00, 0x00, 0x00, 0x00, 0x00, 0x00, 0x00, 0x00,
    0x00, 0x00, 0x00, 0x00, 0x00, 0x00, 0x00, 0x00, 0x00, 0x00, 0x00, 0x00, 0x00, 0x00, 0x00, 0x00,
    0x00, 0x00, 0x00, 0x00, 0x00, 0x00, 0x00, 0x00, 0x00, 0x00, 0x00, 0x00, 0x00, 0x00, 0x00, 0x00,
    0x00, 0x00, 0x00, 0x00, 0x00, 0x00, 0x00, 0x00, 0x00, 0x00, 0x00, 0x00,
};

const lv_image_dsc_t app_icon_weather = {
    .header.magic = LV_IMAGE_HEADER_MAGIC,
    .header.cf = LV_COLOR_FORMAT_RGB565A8,
    .header.w = 30,
    .header.h = 30,
    .data_size = sizeof(app_icon_weather_map),
    .data = app_icon_weather_map,
};

static const uint8_t app_icon_wifi_map[] = {
    0x00, 0x00, 0x00, 0x00, 0x00, 0x00, 0x00, 0x00, 0x00, 0x00, 0x00, 0x00, 0x00, 0x00, 0x00, 0x00,
    0x00, 0x00, 0x00, 0x00, 0x00, 0x00, 0x00, 0x00, 0x00, 0x00, 0x00, 0x00, 0x00, 0x00, 0x00, 0x00,
    0x00, 0x00, 0x00, 0x00, 0x00, 0x00, 0x00, 0x00, 0x00, 0x00, 0x00, 0x00, 0x00, 0x00, 0x00, 0x00,
    0x00, 0x00, 0x00, 0x00, 0x00, 0x00, 0x00, 0x00, 0x00, 0x00, 0x00, 0x00, 0x00, 0x00, 0x00, 0x00,
    0x00, 0x00, 0x00, 0x00, 0x00, 0x00, 0x00, 0x00, 0x00, 0x00, 0x00, 0x00, 0x00, 0x00, 0x00, 0x00,
    0x00, 0x00, 0x00, 0x00, 0x00, 0x00, 0x00, 0x00, 0x00, 0x00, 0x00, 0x00, 0x00, 0x00, 0x00, 0x00,
    0x00, 0x00, 0x00, 0x00, 0x00, 0x00, 0x00, 0x00, 0x00, 0x00, 0x00, 0x00, 0x00, 0x00, 0x00, 0x00,
    0x00, 0x00, 0x00, 0x00, 0x00, 0x00, 0x00, 0x00, 0x00, 0x00, 0x00, 0x00, 0x00, 0x00, 0x00, 0x00,
    0x00, 0x00, 0x00, 0x00, 0x00, 0x00, 0x00, 0x00, 0x00, 0x00, 0x00, 0x00, 0x00, 0x00, 0x00, 0x00,
    0x00, 0x00, 0x00, 0x00, 0x00, 0x00, 0x00, 0x00, 0x00, 0x00, 0x00, 0x00, 0x00, 0x00, 0x00, 0x00,
    0x00, 0x00, 0x00, 0x00, 0x00, 0x00, 0x00, 0x00, 0x00, 0x00, 0x00, 0x00, 0x00, 0x00, 0x00, 0x00,
    0x00, 0x00, 0x00, 0x00, 0x00, 0x00, 0x00, 0x00, 0x00, 0x00, 0x00, 0x00, 0x00, 0x00, 0x00, 0x00,
    0x00, 0x00, 0x00, 0x00, 0x00, 0x00, 0x00, 0x00, 0x00, 0x00, 0xff, 0x07, 0x1f, 0x86, 0x3f, 0x86,
    0x3f, 0x86, 0x3f, 0x86, 0x3f, 0x86, 0x1f, 0x86, 0xff, 0x07, 0x00, 0x00, 0x00, 0x00, 0x00, 0x00,
    0x00, 0x00, 0x00, 0x00, 0x00, 0x00, 0x00, 0x00, 0x00, 0x00, 0x00, 0x00, 0x00, 0x00, 0x00, 0x00,
    0x00, 0x00, 0x00, 0x00, 0x00, 0x00, 0x00, 0x00, 0x00, 0x00, 0x00, 0x00, 0x00, 0x00, 0x7f, 0x66,
    0x5f, 0x86, 0x3f, 0x86, 0x3f, 0x86, 0x3f, 0x86, 0x3f, 0x86, 0x3f, 0x86, 0x3f, 0x86, 0x3f, 0x86,
    0x3f, 0x86, 0x3f, 0x86, 0x3f, 0x86, 0x3f, 0x86, 0x3f, 0x86, 0x5f, 0x86, 0x7f, 0x66, 0x00, 0x00,
    0x00, 0x00, 0x00, 0x00, 0x00, 0x00, 0x00, 0x00, 0x00, 0x00, 0x00, 0x00, 0x00, 0x00, 0x00, 0x00,
    0x00, 0x00, 0x00, 0x00, 0x00, 0x00, 0x7f, 0x7e, 0x3f, 0x86, 0x3f, 0x86, 0x3f, 0x86, 0x3f, 0x86,
    0x3f, 0x86, 0x3f, 0x86, 0x3f, 0x86, 0x3f, 0x86, 0x3f, 0x86, 0x3f, 0x86, 0x3f, 0x86, 0x3f, 0x86,
    0x3f, 0x86, 0x3f, 0x86, 0x3f, 0x86, 0x3f, 0x86, 0x3f, 0x86, 0x3f, 0x86, 0x1f, 0x7e, 0x00, 0x00,
    0x00, 0x00, 0x00, 0x00, 0x00, 0x00, 0x00, 0x00, 0x00, 0x00, 0x00, 0x00, 0x00, 0x00, 0x7f, 0x7e,
    0x3f, 0x86, 0x5f, 0x86, 0x3f, 0x86, 0x3f, 0x86, 0x3f, 0x86, 0x3f, 0x86, 0x3f, 0x86, 0x5f, 0x86,
    0x5f, 0x86, 0x5f, 0x86, 0x5f, 0x86, 0x5f, 0x86, 0x5f, 0x86, 0x5f, 0x86, 0x5f, 0x86, 0x3f, 0x86,
    0x3f, 0x86, 0x3f, 0x86, 0x3f, 0x86, 0x3f, 0x86, 0x5f, 0x86, 0x3f, 0x86, 0x7f, 0x7e, 0x00, 0x00,
    0x00, 0x00, 0x00, 0x00, 0x00, 0x00, 0x00, 0x00, 0x3f, 0x86, 0x3f, 0x86, 0x3f, 0x86, 0x3f, 0x86,
    0x5f, 0x86, 0x3f, 0x7e, 0x5f, 0x86, 0x5f, 0x86, 0x5f, 0x86, 0x5f, 0x86, 0x5f, 0x86, 0x5f, 0x86,
    0x5f, 0x86, 0x5f, 0x86, 0x5f, 0x86, 0x5f, 0x86, 0x5f, 0x86, 0x5f, 0x86, 0x5f, 0x86, 0x5f, 0x86,
    0x3f, 0x7e, 0x3f, 0x86, 0x3f, 0x86, 0x3f, 0x86, 0x3f, 0x86, 0x3f, 0x86, 0x00, 0x00, 0x00, 0x00,
    0x00, 0x00, 0x3f, 0x86, 0x3f, 0x86, 0x3f, 0x86, 0x3f, 0x86, 0x3f, 0x7e, 0x5f, 0x86, 0x5f, 0x86,
    0x5f, 0x86, 0x5f, 0x86, 0x5f, 0x86, 0x5f, 0x86, 0x5f, 0x86, 0x5f, 0x86, 0x5f, 0x86, 0x5f, 0x86,
    0x5f, 0x86, 0x5f, 0x86, 0x5f, 0x86, 0x5f, 0x86, 0x5f, 0x86, 0x5f, 0x86, 0x5f, 0x86, 0x5f, 0x86,
    0x3f, 0x7e, 0x3f, 0x86, 0x3f, 0x86, 0x3f, 0x86, 0x3f, 0x86, 0x00, 0x00, 0xff, 0x7d, 0x3f, 0x86,
    0x3f, 0x86, 0x5f, 0x86, 0x5f, 0x86, 0x5f, 0x86, 0x5f, 0x86, 0x5f, 0x86, 0x5f, 0x86, 0x5f, 0x86,
    0x5f, 0x86, 0x5f, 0x86, 0x5f, 0x86, 0x5f, 0x86, 0x5f, 0x86, 0x5f, 0x86, 0x5f, 0x86, 0x5f, 0x86,
    0x5f, 0x86, 0x5f, 0x86, 0x5f, 0x86, 0x5f, 0x86, 0x5f, 0x86, 0x5f, 0x86, 0x5f, 0x86, 0x5f, 0x86,
    0x5f, 0x86, 0x3f, 0x86, 0x3f, 0x86, 0xdf, 0x96, 0x00, 0x00, 0x3f, 0x86, 0x3f, 0x86, 0x3f, 0x86,
    0x5f, 0x86, 0x5f, 0x86, 0x5f, 0x86, 0x5f, 0x86, 0x5f, 0x86, 0x5f, 0x86, 0x5f, 0x86, 0x5f, 0x86,
    0x5f, 0x86, 0x5f, 0x86, 0x5f, 0x86, 0x5f, 0x86, 0x5f, 0x86, 0x5f, 0x86, 0x5f, 0x86, 0x5f, 0x86,
    0x5f, 0x86, 0x5f, 0x86, 0x5f, 0x86, 0x5f, 0x86, 0x5f, 0x86, 0x5f, 0x86, 0x3f, 0x86, 0x3f, 0x86,
    0x5f, 0x86, 0x00, 0x00, 0x00, 0x00, 0x3f, 0x86, 0x3f, 0x86, 0x5f, 0x86, 0x3f, 0x86, 0x5f, 0x86,
    0x5f, 0x86, 0x5f, 0x86, 0x5f, 0x86, 0x5f, 0x86, 0x5f, 0x86, 0x5f, 0x86, 0x5f, 0x86, 0x5f, 0x86,
    0x5f, 0x86, 0x5f, 0x86, 0x5f, 0x86, 0x5f, 0x86, 0x5f, 0x86, 0x5f, 0x86, 0x5f, 0x86, 0x5f, 0x86,
    0x5f, 0x86, 0x5f, 0x86, 0x5f, 0x86, 0x5f, 0x86, 0x5f, 0x86, 0x3f, 0x86, 0x5f, 0x86, 0x00, 0x00,
    0x00, 0x00, 0x00, 0x00, 0x3f, 0x86, 0x3f, 0x86, 0x3f, 0x86, 0x3f, 0x86, 0x5f, 0x86, 0x5f, 0x86,
    0x5f, 0x86, 0x5f, 0x86, 0x5f, 0x86, 0x5f, 0x86, 0x5f, 0x86, 0x5f, 0x86, 0x5f, 0x86, 0x5f, 0x86,
    0x5f, 0x86, 0x5f, 0x86, 0x5f, 0x86, 0x5f, 0x86, 0x5f, 0x86, 0x5f, 0x86, 0x5f, 0x86, 0x5f, 0x86,
    0x3f, 0x86, 0x3f, 0x86, 0x3f, 0x86, 0x5f, 0x86, 0x00, 0x00, 0x00, 0x00, 0x00, 0x00, 0x00, 0x00,
    0x00, 0x00, 0x5f, 0x86, 0x3f, 0x86, 0x3f, 0x86, 0x3f, 0x86, 0x5f, 0x86, 0x5f, 0x86, 0x5f, 0x86,
    0x5f, 0x86, 0x5f, 0x86, 0x5f, 0x86, 0x5f, 0x86, 0x5f, 0x86, 0x5f, 0x86, 0x5f, 0x86, 0x5f, 0x86,
    0x5f, 0x86, 0x5f, 0x86, 0x5f, 0x86, 0x5f, 0x86, 0x5f, 0x86, 0x5f, 0x86, 0x5f, 0x86, 0x3f, 0x86,
    0x3f, 0x86, 0x00, 0x00, 0x00, 0x00, 0x00, 0x00, 0x00, 0x00, 0x00, 0x00, 0x00, 0x00, 0x00, 0x00,
    0x3f, 0x86, 0x3f, 0x86, 0x3f, 0x86, 0x3f, 0x86, 0x5f, 0x86, 0x5f, 0x86, 0x5f, 0x86, 0x5f, 0x86,
    0x5f, 0x86, 0x5f, 0x86, 0x5f, 0x86, 0x5f, 0x86, 0x5f, 0x86, 0x5f, 0x86, 0x5f, 0x86, 0x5f, 0x86,
    0x5f, 0x86, 0x5f, 0x86, 0x3f, 0x86, 0x3f, 0x86, 0x3f, 0x86, 0x3f, 0x86, 0x00, 0x00, 0x00, 0x00,
    0x00, 0x00, 0x00, 0x00, 0x00, 0x00, 0x00, 0x00, 0x00, 0x00, 0x00, 0x00, 0xbf, 0x6d, 0x3f, 0x86,
    0x3f, 0x86, 0x3f, 0x86, 0x5f, 0x86, 0x5f, 0x86, 0x5f, 0x86, 0x5f, 0x86, 0x5f, 0x86, 0x5f, 0x86,
    0x5f, 0x86, 0x5f, 0x86, 0x5f, 0x86, 0x5f, 0x86, 0x5f, 0x86, 0x5f, 0x86, 0x5f, 0x86, 0x5f, 0x86,
    0x3f, 0x86, 0x3f, 0x86, 0x3f, 0x86, 0xbf, 0x86, 0x00, 0x00, 0x00, 0x00, 0x00, 0x00, 0x00, 0x00,
    0x00, 0x00, 0x00, 0x00, 0x00, 0x00, 0x00, 0x00, 0x00, 0x00, 0x3f, 0x7e, 0x3f, 0x86, 0x3f, 0x86,
    0x3f, 0x86, 0x5f, 0x86, 0x5f, 0x86, 0x5f, 0x86, 0x5f, 0x86, 0x5f, 0x86, 0x5f, 0x86, 0x5f, 0x86,
    0x5f, 0x86, 0x5f, 0x86, 0x5f, 0x86, 0x5f, 0x86, 0x5f, 0x86, 0x3f, 0x86, 0x3f, 0x86, 0x3f, 0x86,
    0x3f, 0x7e, 0x00, 0x00, 0x00, 0x00, 0x00, 0x00, 0x00, 0x00, 0x00, 0x00, 0x00, 0x00, 0x00, 0x00,
    0x00, 0x00, 0x00, 0x00, 0x00, 0x00, 0x00, 0x00, 0x1f, 0x86, 0x3f, 0x86, 0x3f, 0x86, 0x3f, 0x86,
    0x5f, 0x86, 0x5f, 0x86, 0x5f, 0x86, 0x5f, 0x86, 0x5f, 0x86, 0x5f, 0x86, 0x5f, 0x86, 0x5f, 0x86,
    0x5f, 0x86, 0x5f, 0x86, 0x3f, 0x86, 0x3f, 0x86, 0x3f, 0x86, 0x5f, 0x86, 0x00, 0x00, 0x00, 0x00,
    0x00, 0x00, 0x00, 0x00, 0x00, 0x00, 0x00, 0x00, 0x00, 0x00, 0x00, 0x00, 0x00, 0x00, 0x00, 0x00,
    0x00, 0x00, 0x00, 0x00, 0x00, 0x00, 0x5f, 0x86, 0x3f, 0x86, 0x5f, 0x86, 0x3f, 0x86, 0x5f, 0x86,
    0x5f, 0x86, 0x5f, 0x86, 0x5f, 0x86, 0x5f, 0x86, 0x5f, 0x86, 0x5f, 0x86, 0x5f, 0x86, 0x3f, 0x86,
    0x5f, 0x86, 0x3f, 0x86, 0x5f, 0x86, 0x00, 0x00, 0x00, 0x00, 0x00, 0x00, 0x00, 0x00, 0x00, 0x00,
    0x00, 0x00, 0x00, 0x00, 0x00, 0x00, 0x00, 0x00, 0x00, 0x00, 0x00, 0x00, 0x00, 0x00, 0x00, 0x00,
    0x00, 0x00, 0x00, 0x00, 0x3f, 0x86, 0x3f, 0x86, 0x3f, 0x86, 0x5f, 0x86, 0x5f, 0x86, 0x5f, 0x86,
    0x5f, 0x86, 0x5f, 0x86, 0x5f, 0x86, 0x5f, 0x86, 0x3f, 0x7e, 0x3f, 0x86, 0x3f, 0x86, 0x3f, 0x86,
    0x00, 0x00, 0x00, 0x00, 0x00, 0x00, 0x00, 0x00, 0x00, 0x00, 0x00, 0x00, 0x00, 0x00, 0x00, 0x00,
    0x00, 0x00, 0x00, 0x00, 0x00, 0x00, 0x00, 0x00, 0x00, 0x00, 0x00, 0x00, 0x00, 0x00, 0x00, 0x00,
    0x00, 0x00, 0x3f, 0x86, 0x3f, 0x86, 0x3f, 0x86, 0x3f, 0x86, 0x5f, 0x86, 0x5f, 0x86, 0x5f, 0x86,
    0x5f, 0x86, 0x3f, 0x7e, 0x3f, 0x86, 0x3f, 0x86, 0x3f, 0x86, 0x00, 0x00, 0x00, 0x00, 0x00, 0x00,
    0x00, 0x00, 0x00, 0x00, 0x00, 0x00, 0x00, 0x00, 0x00, 0x00, 0x00, 0x00, 0x00, 0x00, 0x00, 0x00,
    0x00, 0x00, 0x00, 0x00, 0x00, 0x00, 0x00, 0x00, 0x00, 0x00, 0x00, 0x00, 0x00, 0x00, 0xff, 0x7d,
    0x3f, 0x86, 0x3f, 0x86, 0x3f, 0x86, 0x5f, 0x86, 0x5f, 0x86, 0x5f, 0x86, 0x5f, 0x86, 0x3f, 0x86,
    0x3f, 0x86, 0x3f, 0x86, 0xff, 0x7d, 0x00, 0x00, 0x00, 0x00, 0x00, 0x00, 0x00, 0x00, 0x00, 0x00,
    0x00, 0x00, 0x00, 0x00, 0x00, 0x00, 0x00, 0x00, 0x00, 0x00, 0x00, 0x00, 0x00, 0x00, 0x00, 0x00,
    0x00, 0x00, 0x00, 0x00, 0x00, 0x00, 0x00, 0x00, 0x00, 0x00, 0x00, 0x00, 0x7f, 0x86, 0x3f, 0x86,
    0x3f, 0x86, 0x3f, 0x86, 0x5f, 0x86, 0x5f, 0x86, 0x3f, 0x86, 0x3f, 0x86, 0x3f, 0x86, 0x1f, 0x7e,
    0x00, 0x00, 0x00, 0x00, 0x00, 0x00, 0x00, 0x00, 0x00, 0x00, 0x00, 0x00, 0x00, 0x00, 0x00, 0x00,
    0x00, 0x00, 0x00, 0x00, 0x00, 0x00, 0x00, 0x00, 0x00, 0x00, 0x00, 0x00, 0x00, 0x00, 0x00, 0x00,
    0x00, 0x00, 0x00, 0x00, 0x00, 0x00, 0x00, 0x00, 0x00, 0x00, 0x5f, 0x86, 0x3f, 0x86, 0x3f, 0x86,
    0x3f, 0x86, 0x3f, 0x86, 0x3f, 0x86, 0x3f, 0x86, 0x3f, 0x86, 0x00, 0x00, 0x00, 0x00, 0x00, 0x00,
    0x00, 0x00, 0x00, 0x00, 0x00, 0x00, 0x00, 0x00, 0x00, 0x00, 0x00, 0x00, 0x00, 0x00, 0x00, 0x00,
    0x00, 0x00, 0x00, 0x00, 0x00, 0x00, 0x00, 0x00, 0x00, 0x00, 0x00, 0x00, 0x00, 0x00, 0x00, 0x00,
    0x00, 0x00, 0x00, 0x00, 0x00, 0x00, 0x00, 0x00, 0x3f, 0x86, 0x3f, 0x86, 0x3f, 0x86, 0x3f, 0x86,
    0x5f, 0x86, 0x3f, 0x86, 0x00, 0x00, 0x00, 0x00, 0x00, 0x00, 0x00, 0x00, 0x00, 0x00, 0x00, 0x00,
    0x00, 0x00, 0x00, 0x00, 0x00, 0x00, 0x00, 0x00, 0x00, 0x00, 0x00, 0x00, 0x00, 0x00, 0x00, 0x00,
    0x00, 0x00, 0x00, 0x00, 0x00, 0x00, 0x00, 0x00, 0x00, 0x00, 0x00, 0x00, 0x00, 0x00, 0x00, 0x00,
    0x00, 0x00, 0x00, 0x00, 0x00, 0x00, 0x3f, 0x86, 0x3f, 0x86, 0x3f, 0x86, 0x3f, 0x86, 0x00, 0x00,
    0x00, 0x00, 0x00, 0x00, 0x00, 0x00, 0x00, 0x00, 0x00, 0x00, 0x00, 0x00, 0x00, 0x00, 0x00, 0x00,
    0x00, 0x00, 0x00, 0x00, 0x00, 0x00, 0x00, 0x00, 0x00, 0x00, 0x00, 0x00, 0x00, 0x00, 0x00, 0x00,
    0x00, 0x00, 0x00, 0x00, 0x00, 0x00, 0x00, 0x00, 0x00, 0x00, 0x00, 0x00, 0x00, 0x00, 0x00, 0x00,
    0x00, 0x00, 0x00, 0x00, 0x3f, 0x86, 0x5f, 0x7e, 0x00, 0x00, 0x00, 0x00, 0x00, 0x00, 0x00, 0x00,
    0x00, 0x00, 0x00, 0x00, 0x00, 0x00, 0x00, 0x00, 0x00, 0x00, 0x00, 0x00, 0x00, 0x00, 0x00, 0x00,
    0x00, 0x00, 0x00, 0x00, 0x00, 0x00, 0x00, 0x00, 0x00, 0x00, 0x00, 0x00, 0x00, 0x00, 0x00, 0x00,
    0x00, 0x00, 0x00, 0x00, 0x00, 0x00, 0x00, 0x00, 0x00, 0x00, 0x00, 0x00, 0x00, 0x00, 0x00, 0x00,
    0x00, 0x00, 0x00, 0x00, 0x00, 0x00, 0x00, 0x00, 0x00, 0x00, 0x00, 0x00, 0x00, 0x00, 0x00, 0x00,
    0x00, 0x00, 0x00, 0x00, 0x00, 0x00, 0x00, 0x00, 0x00, 0x00, 0x00, 0x00, 0x00, 0x00, 0x00, 0x00,
    0x00, 0x00, 0x00, 0x00, 0x00, 0x00, 0x00, 0x00, 0x00, 0x00, 0x00, 0x00, 0x00, 0x00, 0x00, 0x00,
    0x00, 0x00, 0x00, 0x00, 0x00, 0x00, 0x00, 0x00, 0x00, 0x00, 0x00, 0x00, 0x00, 0x00, 0x00, 0x00,
    0x00, 0x00, 0x00, 0x00, 0x00, 0x00, 0x00, 0x00, 0x00, 0x00, 0x00, 0x00, 0x00, 0x00, 0x00, 0x00,
    0x00, 0x00, 0x00, 0x00, 0x00, 0x00, 0x00, 0x00, 0x00, 0x00, 0x00, 0x00, 0x00, 0x00, 0x00, 0x00,
    0x00, 0x00, 0x00, 0x00, 0x00, 0x00, 0x00, 0x00, 0x00, 0x00, 0x00, 0x00, 0x00, 0x00, 0x00, 0x00,
    0x00, 0x00, 0x00, 0x00, 0x00, 0x00, 0x00, 0x00, 0x00, 0x00, 0x00, 0x00, 0x00, 0x00, 0x00, 0x00,
    0x00, 0x00, 0x00, 0x00, 0x00, 0x00, 0x00, 0x00, 0x00, 0x00, 0x00, 0x00, 0x00, 0x00, 0x00, 0x00,
    0x00, 0x00, 0x00, 0x00, 0x00, 0x00, 0x00, 0x00, 0x00, 0x00, 0x00, 0x00, 0x00, 0x00, 0x00, 0x00,
    0x00, 0x00, 0x00, 0x00, 0x00, 0x00, 0x00, 0x00, 0x00, 0x00, 0x00, 0x00, 0x00, 0x00, 0x00, 0x00,
    0x00, 0x00, 0x00, 0x00, 0x00, 0x00, 0x00, 0x00, 0x00, 0x00, 0x00, 0x00, 0x00, 0x00, 0x00, 0x00,
    0x00, 0x00, 0x00, 0x00, 0x00, 0x00, 0x00, 0x00, 0x00, 0x00, 0x00, 0x00, 0x00, 0x00, 0x00, 0x00,
    0x00, 0x00, 0x00, 0x00, 0x00, 0x00, 0x00, 0x00, 0x00, 0x00, 0x00, 0x00, 0x00, 0x00, 0x00, 0x00,
    0x00, 0x00, 0x00, 0x00, 0x00, 0x00, 0x00, 0x00, 0x00, 0x00, 0x00, 0x00, 0x00, 0x00, 0x00, 0x00,
    0x00, 0x00, 0x00, 0x00, 0x00, 0x00, 0x00, 0x00, 0x00, 0x00, 0x00, 0x00, 0x00, 0x01, 0x19, 0x31,
    0x3b, 0x3b, 0x31, 0x19, 0x01, 0x00, 0x00, 0x00, 0x00, 0x00, 0x00, 0x00, 0x00, 0x00, 0x00, 0x00,
    0x00, 0x00, 0x00, 0x00, 0x00, 0x00, 0x00, 0x05, 0x45, 0x8e, 0xc7, 0xf6, 0xff, 0xff, 0xff, 0xff,
    0xff, 0xff, 0xf6, 0xc7, 0x8e, 0x45, 0x05, 0x00, 0x00, 0x00, 0x00, 0x00, 0x00, 0x00, 0x00, 0x00,
    0x00, 0x00, 0x00, 0x1e, 0x8d, 0xe9, 0xff, 0xff, 0xff, 0xf0, 0xd3, 0xbf, 0xb6, 0xb6, 0xbf, 0xd3,
    0xf0, 0xff, 0xff, 0xff, 0xe9, 0x8d, 0x1e, 0x00, 0x00, 0x00, 0x00, 0x00, 0x00, 0x00, 0x00, 0x14,
    0x98, 0xf9, 0xff, 0xfa, 0xc0, 0x82, 0x4d, 0x33, 0x33, 0x33, 0x33, 0x33, 0x33, 0x33, 0x33, 0x4d,
    0x82, 0xc0, 0xfa, 0xff, 0xf9, 0x98, 0x14, 0x00, 0x00, 0x00, 0x00, 0x00, 0x5c, 0xee, 0xff, 0xf0,
    0x98, 0x44, 0x33, 0x33, 0x33, 0x33, 0x33, 0x33, 0x33, 0x33, 0x33, 0x33, 0x33, 0x33, 0x33, 0x33,
    0x44, 0x99, 0xf0, 0xff, 0xee, 0x5c, 0x00, 0x00, 0x00, 0x90, 0xff, 0xfc, 0xa7, 0x40, 0x33, 0x33,
    0x33, 0x33, 0x33, 0x33, 0x33, 0x33, 0x33, 0x33, 0x33, 0x33, 0x33, 0x33, 0x33, 0x33, 0x33, 0x33,
    0x40, 0xa7, 0xfc, 0xff, 0x90, 0x00, 0x08, 0xfc, 0xf9, 0x63, 0x33, 0x33, 0x33, 0x33, 0x33, 0x33,
    0x33, 0x33, 0x33, 0x33, 0x33, 0x33, 0x33, 0x33, 0x33, 0x33, 0x33, 0x33, 0x33, 0x33, 0x33, 0x33,
    0x63, 0xf9, 0xfc, 0x07, 0x00, 0xd5, 0xff, 0x97, 0x33, 0x33, 0x33, 0x33, 0x33, 0x33, 0x33, 0x33,
    0x33, 0x33, 0x33, 0x33, 0x33, 0x33, 0x33, 0x33, 0x33, 0x33, 0x33, 0x33, 0x33, 0x33, 0x97, 0xff,
    0xd4, 0x00, 0x00, 0x2b, 0xf1, 0xfd, 0x75, 0x33, 0x33, 0x33, 0x33, 0x33, 0x33, 0x33, 0x33, 0x33,
    0x33, 0x33, 0x33, 0x33, 0x33, 0x33, 0x33, 0x33, 0x33, 0x33, 0x33, 0x75, 0xfd, 0xf0, 0x2a, 0x00,
    0x00, 0x00, 0x4b, 0xfc, 0xf6, 0x5a, 0x33, 0x33, 0x33, 0x33, 0x33, 0x33, 0x33, 0x33, 0x33, 0x33,
    0x33, 0x33, 0x33, 0x33, 0x33, 0x33, 0x33, 0x33, 0x5a, 0xf6, 0xfc, 0x4a, 0x00, 0x00, 0x00, 0x00,
    0x00, 0x74, 0xff, 0xe7, 0x46, 0x33, 0x33, 0x33, 0x33, 0x33, 0x33, 0x33, 0x33, 0x33, 0x33, 0x33,
    0x33, 0x33, 0x33, 0x33, 0x33, 0x46, 0xe7, 0xff, 0x73, 0x00, 0x00, 0x00, 0x00, 0x00, 0x00, 0x00,
    0x9f, 0xff, 0xd1, 0x39, 0x33, 0x33, 0x33, 0x33, 0x33, 0x33, 0x33, 0x33, 0x33, 0x33, 0x33, 0x33,
    0x33, 0x33, 0x39, 0xd2, 0xff, 0x9e, 0x00, 0x00, 0x00, 0x00, 0x00, 0x00, 0x00, 0x00, 0x07, 0xc4,
    0xff, 0xb5, 0x33, 0x33, 0x33, 0x33, 0x33, 0x33, 0x33, 0x33, 0x33, 0x33, 0x33, 0x33, 0x33, 0x33,
    0xb5, 0xff, 0xc3, 0x06, 0x00, 0x00, 0x00, 0x00, 0x00, 0x00, 0x00, 0x00, 0x00, 0x16, 0xe0, 0xff,
    0x92, 0x33, 0x33, 0x33, 0x33, 0x33, 0x33, 0x33, 0x33, 0x33, 0x33, 0x33, 0x33, 0x92, 0xff, 0xdf,
    0x16, 0x00, 0x00, 0x00, 0x00, 0x00, 0x00, 0x00, 0x00, 0x00, 0x00, 0x00, 0x2f, 0xf3, 0xfd, 0x71,
    0x33, 0x33, 0x33, 0x33, 0x33, 0x33, 0x33, 0x33, 0x33, 0x33, 0x71, 0xfd, 0xf3, 0x2e, 0x00, 0x00,
    0x00, 0x00, 0x00, 0x00, 0x00, 0x00, 0x00, 0x00, 0x00, 0x00, 0x00, 0x50, 0xfd, 0xf4, 0x57, 0x33,
    0x33, 0x33, 0x33, 0x33, 0x33, 0x33, 0x33, 0x57, 0xf4, 0xfd, 0x4f, 0x00, 0x00, 0x00, 0x00, 0x00,
    0x00, 0x00, 0x00, 0x00, 0x00, 0x00, 0x00, 0x00, 0x00, 0x00, 0x7a, 0xff, 0xe5, 0x43, 0x33, 0x33,
    0x33, 0x33, 0x33, 0x33, 0x44, 0xe5, 0xff, 0x79, 0x00, 0x00, 0x00, 0x00, 0x00, 0x00, 0x00, 0x00,
    0x00, 0x00, 0x00, 0x00, 0x00, 0x00, 0x00, 0x00, 0x00, 0xa5, 0xff, 0xce, 0x37, 0x33, 0x33, 0x33,
    0x33, 0x38, 0xce, 0xff, 0xa4, 0x00, 0x00, 0x00, 0x00, 0x00, 0x00, 0x00, 0x00, 0x00, 0x00, 0x00,
    0x00, 0x00, 0x00, 0x00, 0x00, 0x00, 0x00, 0x08, 0xc9, 0xff, 0xb0, 0x33, 0x33, 0x33, 0x33, 0xb0,
    0xff, 0xc8, 0x08, 0x00, 0x00, 0x00, 0x00, 0x00, 0x00, 0x00, 0x00, 0x00, 0x00, 0x00, 0x00, 0x00,
    0x00, 0x00, 0x00, 0x00, 0x00, 0x00, 0x19, 0xe3, 0xff, 0x8d, 0x33, 0x33, 0x8d, 0xff, 0xe3, 0x19,
    0x00, 0x00, 0x00, 0x00, 0x00, 0x00, 0x00, 0x00, 0x00, 0x00, 0x00, 0x00, 0x00, 0x00, 0x00, 0x00,
    0x00, 0x00, 0x00, 0x00, 0x00, 0x33, 0xf5, 0xfc, 0x6d, 0x6d, 0xfc, 0xf5, 0x32, 0x00, 0x00, 0x00,
    0x00, 0x00, 0x00, 0x00, 0x00, 0x00, 0x00, 0x00, 0x00, 0x00, 0x00, 0x00, 0x00, 0x00, 0x00, 0x00,
    0x00, 0x00, 0x00, 0x00, 0x56, 0xfe, 0xf3, 0xf3, 0xfd, 0x55, 0x00, 0x00, 0x00, 0x00, 0x00, 0x00,
    0x00, 0x00, 0x00, 0x00, 0x00, 0x00, 0x00, 0x00, 0x00, 0x00, 0x00, 0x00, 0x00, 0x00, 0x00, 0x00,
    0x00, 0x00, 0x00, 0x7b, 0xfe, 0xfe, 0x7a, 0x00, 0x00, 0x00, 0x00, 0x00, 0x00, 0x00, 0x00, 0x00,
    0x00, 0x00, 0x00, 0x00, 0x00, 0x00, 0x00, 0x00, 0x00, 0x00, 0x00, 0x00, 0x00, 0x00, 0x00, 0x00,
    0x00, 0x00, 0x27, 0x26, 0x00, 0x00, 0x00, 0x00, 0x00, 0x00, 0x00, 0x00, 0x00, 0x00, 0x00, 0x00,
    0x00, 0x00, 0x00, 0x00, 0x00, 0x00, 0x00, 0x00, 0x00, 0x00, 0x00, 0x00, 0x00, 0x00, 0x00, 0x00,
    0x00, 0x00, 0x00, 0x00, 0x00, 0x00, 0x00, 0x00, 0x00, 0x00, 0x00, 0x00, 0x00, 0x00, 0x00, 0x00,
    0x00, 0x00, 0x00, 0x00, 0x00, 0x00, 0x00, 0x00, 0x00, 0x00, 0x00, 0x00, 0x00, 0x00, 0x00, 0x00,
    0x00, 0x00, 0x00, 0x00, 0x00, 0x00, 0x00, 0x00, 0x00, 0x00, 0x00, 0x00, 0x00, 0x00, 0x00, 0x00,
    0x00, 0x00, 0x00, 0x00, 0x00, 0x00, 0x00, 0x00, 0x00, 0x00, 0x00, 0x00, 0x00, 0x00, 0x00, 0x00,
    0x00, 0x00, 0x00, 0x00, 0x00, 0x00, 0x00, 0x00, 0x00, 0x00, 0x00, 0x00,
};

const lv_image_dsc_t app_icon_wifi = {
    .header.magic = LV_IMAGE_HEADER_MAGIC,
    .header.cf = LV_COLOR_FORMAT_RGB565A8,
    .header.w = 30,
    .header.h = 30,
    .data_size = sizeof(app_icon_wifi_map),
    .data = app_icon_wifi_map,
};

static const uint8_t app_icon_calendar_map[] = {
    0x00, 0x00, 0x00, 0x00, 0x00, 0x00, 0x00, 0x00, 0x00, 0x00, 0x00, 0x00, 0x00, 0x00, 0x00, 0x00,
    0x00, 0x00, 0x00, 0x00, 0x00, 0x00, 0x00, 0x00, 0x00, 0x00, 0x00, 0x00, 0x00, 0x00, 0x00, 0x00,
    0x00, 0x00, 0x00, 0x00, 0x00, 0x00, 0x00, 0x00, 0x00, 0x00, 0x00, 0x00, 0x00, 0x00, 0x00, 0x00,
    0x00, 0x00, 0x00, 0x00, 0x00, 0x00, 0x00, 0x00, 0x00, 0x00, 0x00, 0x00, 0x00, 0x00, 0x00, 0x00,
    0x00, 0x00, 0x00, 0x00, 0x00, 0x00, 0x00, 0x00, 0x00, 0x00, 0x00, 0x00, 0x00, 0x00, 0xf7, 0x7e,
    0x00, 0x00, 0x00, 0x00, 0x00, 0x00, 0x00, 0x00, 0x00, 0x00, 0x00, 0x00, 0x00, 0x00, 0x00, 0x00,
    0x00, 0x00, 0x00, 0x00, 0xf7, 0x7e, 0x00, 0x00, 0x00, 0x00, 0x00, 0x00, 0x00, 0x00, 0x00, 0x00,
    0x00, 0x00, 0x00, 0x00, 0x00, 0x00, 0x00, 0x00, 0x00, 0x00, 0x00, 0x00, 0x00, 0x00, 0x00, 0x00,
    0x00, 0x00, 0x00, 0x00, 0x00, 0x00, 0x00, 0x00, 0xf6, 0x86, 0xf6, 0x86, 0xf6, 0x86, 0x00, 0x00,
    0x00, 0x00, 0x00, 0x00, 0x00, 0x00, 0x00, 0x00, 0x00, 0x00, 0x00, 0x00, 0x00, 0x00, 0xf6, 0x86,
    0xf6, 0x86, 0xf6, 0x86, 0x00, 0x00, 0x00, 0x00, 0x00, 0x00, 0x00, 0x00, 0x00, 0x00, 0x00, 0x00,
    0x00, 0x00, 0x00, 0x00, 0x00, 0x00, 0x00, 0x00, 0x00, 0x00, 0x00, 0x00, 0x79, 0x66, 0xd6, 0x86,
    0xf6, 0x86, 0xf6, 0x86, 0xf6, 0x86, 0xf6, 0x86, 0x16, 0x87, 0xf6, 0x86, 0xf6, 0x86, 0xf6, 0x86,
    0xf6, 0x86, 0xf6, 0x86, 0xf6, 0x86, 0xf6, 0x86, 0xf6, 0x86, 0x16, 0x87, 0xf6, 0x86, 0xf6, 0x86,
    0xf6, 0x86, 0xf6, 0x86, 0xd6, 0x86, 0x79, 0x66, 0x00, 0x00, 0x00, 0x00, 0x00, 0x00, 0x00, 0x00,
    0x00, 0x00, 0x00, 0x00, 0x00, 0x00, 0x79, 0x66, 0xf6, 0x86, 0xf6, 0x86, 0xf6, 0x86, 0xf6, 0x86,
    0xf6, 0x86, 0xf6, 0x86, 0xf6, 0x86, 0xf6, 0x86, 0xf6, 0x86, 0xf6, 0x86, 0xf6, 0x86, 0xf6, 0x86,
    0xf6, 0x86, 0xf6, 0x86, 0xf6, 0x86, 0xf6, 0x86, 0xf6, 0x86, 0xf6, 0x86, 0xf6, 0x86, 0xf6, 0x86,
    0xf6, 0x86, 0xf6, 0x86, 0x73, 0x66, 0x00, 0x00, 0x00, 0x00, 0x00, 0x00, 0x00, 0x00, 0x00, 0x00,
    0x00, 0x00, 0xd6, 0x86, 0xf6, 0x86, 0xf6, 0x86, 0xf6, 0x86, 0xf6, 0x86, 0xf6, 0x86, 0xf6, 0x86,
    0xf6, 0x86, 0xf6, 0x86, 0xf6, 0x86, 0xf6, 0x86, 0xf6, 0x86, 0xf6, 0x86, 0xf6, 0x86, 0xf6, 0x86,
    0xf6, 0x86, 0xf6, 0x86, 0xf6, 0x86, 0xf6, 0x86, 0xf6, 0x86, 0xf6, 0x86, 0xf6, 0x86, 0xf6, 0x86,
    0xd6, 0x86, 0x00, 0x00, 0x00, 0x00, 0x00, 0x00, 0x00, 0x00, 0x00, 0x00, 0x00, 0x00, 0xf6, 0x86,
    0xf6, 0x86, 0xf6, 0x86, 0xf6, 0x86, 0xf6, 0x86, 0xf6, 0x86, 0xf6, 0x86, 0xf6, 0x86, 0xf6, 0x86,
    0xf6, 0x86, 0xf6, 0x86, 0xf6, 0x86, 0xf6, 0x86, 0xf6, 0x86, 0xf6, 0x86, 0xf6, 0x86, 0xf6, 0x86,
    0xf6, 0x86, 0xf6, 0x86, 0xf6, 0x86, 0xf6, 0x86, 0xf6, 0x86, 0xf6, 0x86, 0xf6, 0x86, 0x00, 0x00,
    0x00, 0x00, 0x00, 0x00, 0x00, 0x00, 0x00, 0x00, 0x00, 0x00, 0xf6, 0x86, 0xf6, 0x86, 0xf6, 0x86,
    0xf6, 0x86, 0xf6, 0x86, 0xf6, 0x86, 0x16, 0x87, 0xd6, 0x7e, 0xf6, 0x86, 0xf6, 0x86, 0xf6, 0x86,
    0xf6, 0x86, 0xf6, 0x86, 0xf6, 0x86, 0xf6, 0x86, 0xf6, 0x86, 0xd6, 0x7e, 0x16, 0x87, 0xf6, 0x86,
    0xf6, 0x86, 0xf6, 0x86, 0xf6, 0x86, 0xf6, 0x86, 0xf6, 0x86, 0x00, 0x00, 0x00, 0x00, 0x00, 0x00,
    0x00, 0x00, 0x00, 0x00, 0x00, 0x00, 0xf6, 0x86, 0xf6, 0x86, 0xf6, 0x86, 0xf6, 0x86, 0xf6, 0x86,
    0xf6, 0x86, 0xf6, 0x86, 0xf6, 0x86, 0xf6, 0x86, 0xf6, 0x86, 0xf6, 0x86, 0xf6, 0x86, 0xf6, 0x86,
    0xf6, 0x86, 0xf6, 0x86, 0xf6, 0x86, 0xf6, 0x86, 0xf6, 0x86, 0xf6, 0x86, 0xf6, 0x86, 0xf6, 0x86,
    0xf6, 0x86, 0xf6, 0x86, 0xf6, 0x86, 0x00, 0x00, 0x00, 0x00, 0x00, 0x00, 0x00, 0x00, 0x00, 0x00,
    0x00, 0x00, 0xf6, 0x86, 0xf6, 0x86, 0xf6, 0x86, 0xf6, 0x86, 0xf6, 0x86, 0xf6, 0x86, 0xf6, 0x86,
    0xf6, 0x86, 0xf6, 0x86, 0xf6, 0x86, 0xf6, 0x86, 0xf6, 0x86, 0xf6, 0x86, 0xf6, 0x86, 0xf6, 0x86,
    0xf6, 0x86, 0xf6, 0x86, 0xf6, 0x86, 0xf6, 0x86, 0xf6, 0x86, 0xf6, 0x86, 0xf6, 0x86, 0xf6, 0x86,
    0xf6, 0x86, 0x00, 0x00, 0x00, 0x00, 0x00, 0x00, 0x00, 0x00, 0x00, 0x00, 0x00, 0x00, 0xf6, 0x86,
    0xf6, 0x86, 0xf6, 0x86, 0xf6, 0x86, 0xf6, 0x86, 0xf6, 0x86, 0xf6, 0x86, 0xf6, 0x86, 0xf6, 0x86,
    0xf6, 0x86, 0xf6, 0x86, 0xf6, 0x86, 0xf6, 0x86, 0xf6, 0x86, 0xf6, 0x86, 0xf6, 0x86, 0xf6, 0x86,
    0xf6, 0x86, 0xf6, 0x86, 0xf6, 0x86, 0xf6, 0x86, 0xf6, 0x86, 0xf6, 0x86, 0xf6, 0x86, 0x00, 0x00,
    0x00, 0x00, 0x00, 0x00, 0x00, 0x00, 0x00, 0x00, 0x00, 0x00, 0xf6, 0x86, 0xf6, 0x86, 0xf6, 0x86,
    0xf6, 0x86, 0xf6, 0x86, 0xf6, 0x86, 0xf6, 0x86, 0xf6, 0x86, 0xf6, 0x86, 0xf6, 0x86, 0xf6, 0x86,
    0xf6, 0x86, 0xf6, 0x86, 0xf6, 0x86, 0xf6, 0x86, 0xf6, 0x86, 0xf6, 0x86, 0xf6, 0x86, 0xf6, 0x86,
    0xf6, 0x86, 0xf6, 0x86, 0xf6, 0x86, 0xf6, 0x86, 0xf6, 0x86, 0x00, 0x00, 0x00, 0x00, 0x00, 0x00,
    0x00, 0x00, 0x00, 0x00, 0x00, 0x00, 0xf6, 0x86, 0xf6, 0x86, 0xf6, 0x86, 0x00, 0x00, 0x00, 0x00,
    0x00, 0x00, 0x00, 0x00, 0x00, 0x00, 0x00, 0x00, 0x00, 0x00, 0x00, 0x00, 0x00, 0x00, 0x00, 0x00,
    0x00, 0x00, 0x00, 0x00, 0x00, 0x00, 0x00, 0x00, 0x00, 0x00, 0x00, 0x00, 0x00, 0x00, 0x00, 0x00,
    0xf6, 0x86, 0xf6, 0x86, 0xf6, 0x86, 0x00, 0x00, 0x00, 0x00, 0x00, 0x00, 0x00, 0x00, 0x00, 0x00,
    0x00, 0x00, 0xf6, 0x86, 0xf6, 0x86, 0xf6, 0x86, 0x00, 0x00, 0x00, 0x00, 0x00, 0x00, 0x00, 0x00,
    0x00, 0x00, 0x00, 0x00, 0x00, 0x00, 0x00, 0x00, 0x00, 0x00, 0x00, 0x00, 0x00, 0x00, 0x00, 0x00,
    0x00, 0x00, 0x00, 0x00, 0x00, 0x00, 0x00, 0x00, 0x00, 0x00, 0x00, 0x00, 0xf6, 0x86, 0xf6, 0x86,
    0xf6, 0x86, 0x00, 0x00, 0x00, 0x00, 0x00, 0x00, 0x00, 0x00, 0x00, 0x00, 0x00, 0x00, 0xf6, 0x86,
    0xf6, 0x86, 0xf6, 0x86, 0x00, 0x00, 0x00, 0x00, 0x00, 0x00, 0x00, 0x00, 0x00, 0x00, 0x00, 0x00,
    0x00, 0x00, 0xf6, 0x7e, 0x16, 0x87, 0x16, 0x87, 0xf6, 0x7e, 0x00, 0x00, 0xf5, 0x87, 0xf6, 0x86,
    0xf6, 0x86, 0xf6, 0x86, 0x00, 0x00, 0x00, 0x00, 0xf6, 0x86, 0xf6, 0x86, 0xf6, 0x86, 0x00, 0x00,
    0x00, 0x00, 0x00, 0x00, 0x00, 0x00, 0x00, 0x00, 0x00, 0x00, 0xf6, 0x86, 0xf6, 0x86, 0xf6, 0x86,
    0x00, 0x00, 0x00, 0x00, 0x00, 0x00, 0x00, 0x00, 0x00, 0x00, 0x00, 0x00, 0x00, 0x00, 0xf6, 0x86,
    0xf6, 0x86, 0xf6, 0x86, 0xf6, 0x86, 0x00, 0x00, 0xf6, 0x86, 0xf6, 0x86, 0xf6, 0x86, 0x16, 0x87,
    0x00, 0x00, 0x00, 0x00, 0xf6, 0x86, 0xf6, 0x86, 0xf6, 0x86, 0x00, 0x00, 0x00, 0x00, 0x00, 0x00,
    0x00, 0x00, 0x00, 0x00, 0x00, 0x00, 0xf6, 0x86, 0xf6, 0x86, 0xf6, 0x86, 0x00, 0x00, 0x00, 0x00,
    0x00, 0x00, 0x00, 0x00, 0x00, 0x00, 0x00, 0x00, 0x00, 0x00, 0xb7, 0x7e, 0x16, 0x87, 0x16, 0x87,
    0xb5, 0x7e, 0x00, 0x00, 0xf7, 0x7d, 0xf6, 0x86, 0xf6, 0x86, 0xf6, 0x7e, 0x00, 0x00, 0x00, 0x00,
    0xf6, 0x86, 0xf6, 0x86, 0xf6, 0x86, 0x00, 0x00, 0x00, 0x00, 0x00, 0x00, 0x00, 0x00, 0x00, 0x00,
    0x00, 0x00, 0xf6, 0x86, 0xf6, 0x86, 0xf6, 0x86, 0x00, 0x00, 0x00, 0x00, 0x00, 0x00, 0x00, 0x00,
    0x00, 0x00, 0x00, 0x00, 0x00, 0x00, 0x00, 0x00, 0x00, 0x00, 0x00, 0x00, 0x00, 0x00, 0x00, 0x00,
    0x00, 0x00, 0x00, 0x00, 0x00, 0x00, 0x00, 0x00, 0x00, 0x00, 0x00, 0x00, 0xf6, 0x86, 0xf6, 0x86,
    0xf6, 0x86, 0x00, 0x00, 0x00, 0x00, 0x00, 0x00, 0x00, 0x00, 0x00, 0x00, 0x00, 0x00, 0xf6, 0x86,
    0xf6, 0x86, 0xf6, 0x86, 0x00, 0x00, 0x00, 0x00, 0x00, 0x00, 0xd6, 0x86, 0xf6, 0x86, 0x00, 0x00,
    0x00, 0x00, 0x00, 0x00, 0x16, 0x87, 0x16, 0x87, 0x00, 0x00, 0x00, 0x00, 0x00, 0x00, 0xf6, 0x86,
    0xd6, 0x86, 0x00, 0x00, 0x00, 0x00, 0x00, 0x00, 0xf6, 0x86, 0xf6, 0x86, 0xf6, 0x86, 0x00, 0x00,
    0x00, 0x00, 0x00, 0x00, 0x00, 0x00, 0x00, 0x00, 0x00, 0x00, 0xf6, 0x86, 0xf6, 0x86, 0xf6, 0x86,
    0x00, 0x00, 0x00, 0x00, 0xf6, 0x86, 0xf6, 0x86, 0x16, 0x87, 0xf6, 0x86, 0x00, 0x00, 0xf6, 0x86,
    0xf6, 0x86, 0xf6, 0x86, 0xf6, 0x86, 0x00, 0x00, 0xf6, 0x86, 0x16, 0x87, 0xf6, 0x86, 0xf6, 0x86,
    0x00, 0x00, 0x00, 0x00, 0xf6, 0x86, 0xf6, 0x86, 0xf6, 0x86, 0x00, 0x00, 0x00, 0x00, 0x00, 0x00,
    0x00, 0x00, 0x00, 0x00, 0x00, 0x00, 0xf6, 0x86, 0xf6, 0x86, 0xf6, 0x86, 0x00, 0x00, 0x00, 0x00,
    0xf6, 0x86, 0xf6, 0x86, 0xf6, 0x86, 0x16, 0x87, 0x00, 0x00, 0x16, 0x87, 0xf6, 0x86, 0xf6, 0x86,
    0xf6, 0x86, 0x00, 0x00, 0xd6, 0x86, 0xf6, 0x86, 0xf6, 0x86, 0xf6, 0x86, 0x00, 0x00, 0x00, 0x00,
    0xf6, 0x86, 0xf6, 0x86, 0xf6, 0x86, 0x00, 0x00, 0x00, 0x00, 0x00, 0x00, 0x00, 0x00, 0x00, 0x00,
    0x00, 0x00, 0xf6, 0x86, 0xf6, 0x86, 0xf6, 0x86, 0x00, 0x00, 0x00, 0x00, 0x76, 0x7e, 0xf6, 0x86,
    0xf6, 0x86, 0x00, 0x00, 0x00, 0x00, 0xff, 0x07, 0xf6, 0x86, 0xf6, 0x86, 0xff, 0x07, 0x00, 0x00,
    0x00, 0x00, 0xf6, 0x86, 0xf6, 0x86, 0x76, 0x7e, 0x00, 0x00, 0x00, 0x00, 0xf6, 0x86, 0xf6, 0x86,
    0xf6, 0x86, 0x00, 0x00, 0x00, 0x00, 0x00, 0x00, 0x00, 0x00, 0x00, 0x00, 0x00, 0x00, 0xf6, 0x86,
    0xf6, 0x86, 0xf6, 0x86, 0x00, 0x00, 0x00, 0x00, 0x00, 0x00, 0x00, 0x00, 0x00, 0x00, 0x00, 0x00,
    0x00, 0x00, 0x00, 0x00, 0x00, 0x00, 0x00, 0x00, 0x00, 0x00, 0x00, 0x00, 0x00, 0x00, 0x00, 0x00,
    0x00, 0x00, 0x00, 0x00, 0x00, 0x00, 0x00, 0x00, 0xf6, 0x86, 0xf6, 0x86, 0xf6, 0x86, 0x00, 0x00,
    0x00, 0x00, 0x00, 0x00, 0x00, 0x00, 0x00, 0x00, 0x00, 0x00, 0xf6, 0x86, 0xf6, 0x86, 0xf6, 0x86,
    0x00, 0x00, 0x00, 0x00, 0x00, 0x00, 0x00, 0x00, 0x00, 0x00, 0x00, 0x00, 0x00, 0x00, 0x00, 0x00,
    0x00, 0x00, 0x00, 0x00, 0x00, 0x00, 0x00, 0x00, 0x00, 0x00, 0x00, 0x00, 0x00, 0x00, 0x00, 0x00,
    0x00, 0x00, 0x00, 0x00, 0xf6, 0x86, 0xf6, 0x86, 0xf6, 0x86, 0x00, 0x00, 0x00, 0x00, 0x00, 0x00,
    0x00, 0x00, 0x00, 0x00, 0x00, 0x00, 0xd6, 0x86, 0xf6, 0x86, 0xf6, 0x86, 0xf6, 0x86, 0xf6, 0x86,
    0xf6, 0x86, 0xf6, 0x86, 0xf6, 0x86, 0xf6, 0x86, 0xf6, 0x86, 0xf6, 0x86, 0xf6, 0x86, 0xf6, 0x86,
    0xf6, 0x86, 0xf6, 0x86, 0xf6, 0x86, 0xf6, 0x86, 0xf6, 0x86, 0xf6, 0x86, 0xf6, 0x86, 0xf6, 0x86,
    0xf6, 0x86, 0xf6, 0x86, 0xd6, 0x86, 0x00, 0x00, 0x00, 0x00, 0x00, 0x00, 0x00, 0x00, 0x00, 0x00,
    0x00, 0x00, 0x79, 0x66, 0xf6, 0x86, 0xf6, 0x86, 0xf6, 0x86, 0xf6, 0x86, 0xf6, 0x86, 0xf6, 0x86,
    0xf6, 0x86, 0xf6, 0x86, 0xf6, 0x86, 0xf6, 0x86, 0xf6, 0x86, 0xf6, 0x86, 0xf6, 0x86, 0xf6, 0x86,
    0xf6, 0x86, 0xf6, 0x86, 0xf6, 0x86, 0xf6, 0x86, 0xf6, 0x86, 0xf6, 0x86, 0xf6, 0x86, 0xf6, 0x86,
    0x73, 0x66, 0x00, 0x00, 0x00, 0x00, 0x00, 0x00, 0x00, 0x00, 0x00, 0x00, 0x00, 0x00, 0x00, 0x00,
    0x73, 0x66, 0xd6, 0x86, 0xf6, 0x86, 0xf6, 0x86, 0xf6, 0x86, 0xf6, 0x86, 0xf6, 0x86, 0xf6, 0x86,
    0xf6, 0x86, 0xf6, 0x86, 0xf6, 0x86, 0xf6, 0x86, 0xf6, 0x86, 0xf6, 0x86, 0xf6, 0x86, 0xf6, 0x86,
    0xf6, 0x86, 0xf6, 0x86, 0xf6, 0x86, 0xf6, 0x86, 0xd6, 0x86, 0x73, 0x66, 0x00, 0x00, 0x00, 0x00,
    0x00, 0x00, 0x00, 0x00, 0x00, 0x00, 0x00, 0x00, 0x00, 0x00, 0x00, 0x00, 0x00, 0x00, 0x00, 0x00,
    0x00, 0x00, 0x00, 0x00, 0x00, 0x00, 0x00, 0x00, 0x00, 0x00, 0x00, 0x00, 0x00, 0x00, 0x00, 0x00,
    0x00, 0x00, 0x00, 0x00, 0x00, 0x00, 0x00, 0x00, 0x00, 0x00, 0x00, 0x00, 0x00, 0x00, 0x00, 0x00,
    0x00, 0x00, 0x00, 0x00, 0x00, 0x00, 0x00, 0x00, 0x00, 0x00, 0x00, 0x00, 0x00, 0x00, 0x00, 0x00,
    0x00, 0x00, 0x00, 0x00, 0x00, 0x00, 0x00, 0x00, 0x00, 0x00, 0x00, 0x00, 0x00, 0x00, 0x00, 0x00,
    0x00, 0x00, 0x00, 0x00, 0x00, 0x00, 0x00, 0x00, 0x00, 0x00, 0x00, 0x00, 0x00, 0x00, 0x00, 0x00,
    0x00, 0x00, 0x00, 0x00, 0x00, 0x00, 0x00, 0x00, 0x00, 0x00, 0x00, 0x00, 0x00, 0x00, 0x00, 0x00,
    0x00, 0x00, 0x00, 0x00, 0x00, 0x00, 0x00, 0x00, 0x00, 0x00, 0x00, 0x00, 0x00, 0x00, 0x00, 0x00,
    0x00, 0x00, 0x00, 0x00, 0x00, 0x00, 0x00, 0x00, 0x00, 0x00, 0x00, 0x00, 0x00, 0x00, 0x00, 0x00,
    0x00, 0x00, 0x00, 0x00, 0x00, 0x00, 0x00, 0x00, 0x00, 0x00, 0x00, 0x00, 0x00, 0x00, 0x00, 0x00,
    0x00, 0x00, 0x00, 0x00, 0x00, 0x00, 0x00, 0x00, 0x00, 0x00, 0x00, 0x00, 0x00, 0x00, 0x00, 0x00,
    0x00, 0x00, 0x00, 0x00, 0x00, 0x00, 0x00, 0x00, 0x00, 0x00, 0x00, 0x00, 0x00, 0x00, 0x00, 0x00,
    0x00, 0x00, 0x00, 0x00, 0x00, 0x00, 0x00, 0x00, 0x00, 0x00, 0x00, 0x00, 0x00, 0x00, 0x00, 0x00,
    0x00, 0x00, 0x00, 0x00, 0x00, 0x00, 0x00, 0x00, 0x00, 0x00, 0x00, 0x00, 0x00, 0x00, 0x00, 0x10,
    0x00, 0x00, 0x00, 0x00, 0x00, 0x00, 0x00, 0x00, 0x00, 0x00, 0x10, 0x00, 0x00, 0x00, 0x00, 0x00,
    0x00, 0x00, 0x00, 0x00, 0x00, 0x00, 0x00, 0x00, 0x00, 0x00, 0x00, 0x00, 0x70, 0xfc, 0x33, 0x00,
    0x00, 0x00, 0x00, 0x00, 0x00, 0x00, 0x00, 0x33, 0xfc, 0x70, 0x00, 0x00, 0x00, 0x00, 0x00, 0x00,
    0x00, 0x00, 0x00, 0x00, 0x00, 0x00, 0x05, 0x39, 0x3f, 0x3f, 0xab, 0xff, 0x7b, 0x3f, 0x3f, 0x3f,
    0x3f, 0x3f, 0x3f, 0x3f, 0x3f, 0x7b, 0xff, 0xab, 0x3f, 0x3f, 0x39, 0x05, 0x00, 0x00, 0x00, 0x00,
    0x00, 0x00, 0x00, 0x05, 0xcb, 0xff, 0xff, 0xff, 0xff, 0xff, 0xff, 0xff, 0xff, 0xff, 0xff, 0xff,
    0xff, 0xff, 0xff, 0xff, 0xff, 0xff, 0xff, 0xff, 0xff, 0xcb, 0x05, 0x00, 0x00, 0x00, 0x00, 0x00,
    0x00, 0x39, 0xff, 0xe2, 0xb2, 0xb2, 0xdd, 0xff, 0xca, 0xb2, 0xb2, 0xb2, 0xb2, 0xb2, 0xb2, 0xb2,
    0xb2, 0xca, 0xff, 0xdd, 0xb2, 0xb2, 0xe2, 0xff, 0x39, 0x00, 0x00, 0x00, 0x00, 0x00, 0x00, 0x3f,
    0xff, 0xb2, 0x33, 0x33, 0xa1, 0xff, 0x6e, 0x33, 0x33, 0x33, 0x33, 0x33, 0x33, 0x33, 0x33, 0x6e,
    0xff, 0xa1, 0x33, 0x33, 0xb2, 0xff, 0x3f, 0x00, 0x00, 0x00, 0x00, 0x00, 0x00, 0x3f, 0xff, 0xb2,
    0x33, 0x33, 0x49, 0x8a, 0x38, 0x33, 0x33, 0x33, 0x33, 0x33, 0x33, 0x33, 0x33, 0x38, 0x8a, 0x49,
    0x33, 0x33, 0xb2, 0xff, 0x3f, 0x00, 0x00, 0x00, 0x00, 0x00, 0x00, 0x3f, 0xff, 0xb2, 0x33, 0x33,
    0x33, 0x33, 0x33, 0x33, 0x33, 0x33, 0x33, 0x33, 0x33, 0x33, 0x33, 0x33, 0x33, 0x33, 0x33, 0x33,
    0xb2, 0xff, 0x3f, 0x00, 0x00, 0x00, 0x00, 0x00, 0x00, 0x3f, 0xff, 0xe2, 0xb2, 0xb2, 0xb2, 0xb2,
    0xb2, 0xb2, 0xb2, 0xb2, 0xb2, 0xb2, 0xb2, 0xb2, 0xb2, 0xb2, 0xb2, 0xb2, 0xb2, 0xb2, 0xe2, 0xff,
    0x3f, 0x00, 0x00, 0x00, 0x00, 0x00, 0x00, 0x3f, 0xff, 0xff, 0xff, 0xff, 0xff, 0xff, 0xff, 0xff,
    0xff, 0xff, 0xff, 0xff, 0xff, 0xff, 0xff, 0xff, 0xff, 0xff, 0xff, 0xff, 0xff, 0xff, 0x3f, 0x00,
    0x00, 0x00, 0x00, 0x00, 0x00, 0x3f, 0xff, 0xb7, 0x3f, 0x3f, 0x3f, 0x3f, 0x3f, 0x3f, 0x3f, 0x3f,
    0x3f, 0x3f, 0x3f, 0x3f, 0x3f, 0x3f, 0x3f, 0x3f, 0x3f, 0x3f, 0xb7, 0xff, 0x3f, 0x00, 0x00, 0x00,
    0x00, 0x00, 0x00, 0x3f, 0xff, 0x9f, 0x00, 0x00, 0x00, 0x00, 0x00, 0x00, 0x00, 0x00, 0x00, 0x00,
    0x00, 0x00, 0x00, 0x00, 0x00, 0x00, 0x00, 0x00, 0x9f, 0xff, 0x3f, 0x00, 0x00, 0x00, 0x00, 0x00,
    0x00, 0x3f, 0xff, 0x9f, 0x00, 0x00, 0x00, 0x00, 0x00, 0x00, 0x00, 0x00, 0x00, 0x00, 0x00, 0x00,
    0x00, 0x00, 0x00, 0x00, 0x00, 0x00, 0x9f, 0xff, 0x3f, 0x00, 0x00, 0x00, 0x00, 0x00, 0x00, 0x3f,
    0xff, 0x9f, 0x00, 0x00, 0x00, 0x00, 0x00, 0x00, 0x00, 0x17, 0xcb, 0xcb, 0x17, 0x00, 0x06, 0xb6,
    0xd9, 0x2e, 0x00, 0x00, 0x9f, 0xff, 0x3f, 0x00, 0x00, 0x00, 0x00, 0x00, 0x00, 0x3f, 0xff, 0x9f,
    0x00, 0x00, 0x00, 0x00, 0x00, 0x00, 0x00, 0x5f, 0xff, 0xff, 0x5f, 0x00, 0x37, 0xff, 0xff, 0x86,
    0x00, 0x00, 0x9f, 0xff, 0x3f, 0x00, 0x00, 0x00, 0x00, 0x00, 0x00, 0x3f, 0xff, 0x9f, 0x00, 0x00,
    0x00, 0x00, 0x00, 0x00, 0x00, 0x12, 0xbb, 0xbb, 0x12, 0x00, 0x04, 0xa6, 0xc9, 0x26, 0x00, 0x00,
    0x9f, 0xff, 0x3f, 0x00, 0x00, 0x00, 0x00, 0x00, 0x00, 0x3f, 0xff, 0x9f, 0x00, 0x00, 0x00, 0x00,
    0x00, 0x00, 0x00, 0x00, 0x00, 0x00, 0x00, 0x00, 0x00, 0x00, 0x00, 0x00, 0x00, 0x00, 0x9f, 0xff,
    0x3f, 0x00, 0x00, 0x00, 0x00, 0x00, 0x00, 0x3f, 0xff, 0x9f, 0x00, 0x00, 0x00, 0x2b, 0x17, 0x00,
    0x00, 0x00, 0x21, 0x21, 0x00, 0x00, 0x00, 0x17, 0x2b, 0x00, 0x00, 0x00, 0x9f, 0xff, 0x3f, 0x00,
    0x00, 0x00, 0x00, 0x00, 0x00, 0x3f, 0xff, 0x9f, 0x00, 0x00, 0x57, 0xfe, 0xee, 0x17, 0x00, 0x34,
    0xfa, 0xfa, 0x34, 0x00, 0x17, 0xee, 0xfe, 0x57, 0x00, 0x00, 0x9f, 0xff, 0x3f, 0x00, 0x00, 0x00,
    0x00, 0x00, 0x00, 0x3f, 0xff, 0x9f, 0x00, 0x00, 0x7a, 0xff, 0xfe, 0x2a, 0x00, 0x52, 0xff, 0xff,
    0x52, 0x00, 0x2b, 0xfe, 0xff, 0x79, 0x00, 0x00, 0x9f, 0xff, 0x3f, 0x00, 0x00, 0x00, 0x00, 0x00,
    0x00, 0x3f, 0xff, 0x9f, 0x00, 0x00, 0x0a, 0x79, 0x57, 0x00, 0x00, 0x01, 0x6c, 0x6c, 0x01, 0x00,
    0x00, 0x57, 0x79, 0x0a, 0x00, 0x00, 0x9f, 0xff, 0x3f, 0x00, 0x00, 0x00, 0x00, 0x00, 0x00, 0x3f,
    0xff, 0x9f, 0x00, 0x00, 0x00, 0x00, 0x00, 0x00, 0x00, 0x00, 0x00, 0x00, 0x00, 0x00, 0x00, 0x00,
    0x00, 0x00, 0x00, 0x00, 0x9f, 0xff, 0x3f, 0x00, 0x00, 0x00, 0x00, 0x00, 0x00, 0x3f, 0xff, 0x9f,
    0x00, 0x00, 0x00, 0x00, 0x00, 0x00, 0x00, 0x00, 0x00, 0x00, 0x00, 0x00, 0x00, 0x00, 0x00, 0x00,
    0x00, 0x00, 0x9f, 0xff, 0x3f, 0x00, 0x00, 0x00, 0x00, 0x00, 0x00, 0x39, 0xff, 0xdb, 0x9f, 0x9f,
    0x9f, 0x9f, 0x9f, 0x9f, 0x9f, 0x9f, 0x9f, 0x9f, 0x9f, 0x9f, 0x9f, 0x9f, 0x9f, 0x9f, 0x9f, 0x9f,
    0xdb, 0xff, 0x39, 0x00, 0x00, 0x00, 0x00, 0x00, 0x00, 0x05, 0xcb, 0xff, 0xff, 0xff, 0xff, 0xff,
    0xff, 0xff, 0xff, 0xff, 0xff, 0xff, 0xff, 0xff, 0xff, 0xff, 0xff, 0xff, 0xff, 0xff, 0xff, 0xcb,
    0x05, 0x00, 0x00, 0x00, 0x00, 0x00, 0x00, 0x00, 0x05, 0x39, 0x3f, 0x3f, 0x3f, 0x3f, 0x3f, 0x3f,
    0x3f, 0x3f, 0x3f, 0x3f, 0x3f, 0x3f, 0x3f, 0x3f, 0x3f, 0x3f, 0x3f, 0x3f, 0x39, 0x05, 0x00, 0x00,
    0x00, 0x00, 0x00, 0x00, 0x00, 0x00, 0x00, 0x00, 0x00, 0x00, 0x00, 0x00, 0x00, 0x00, 0x00, 0x00,
    0x00, 0x00, 0x00, 0x00, 0x00, 0x00, 0x00, 0x00, 0x00, 0x00, 0x00, 0x00, 0x00, 0x00, 0x00, 0x00,
    0x00, 0x00, 0x00, 0x00, 0x00, 0x00, 0x00, 0x00, 0x00, 0x00, 0x00, 0x00, 0x00, 0x00, 0x00, 0x00,
    0x00, 0x00, 0x00, 0x00, 0x00, 0x00, 0x00, 0x00, 0x00, 0x00, 0x00, 0x00, 0x00, 0x00, 0x00, 0x00,
    0x00, 0x00, 0x00, 0x00, 0x00, 0x00, 0x00, 0x00, 0x00, 0x00, 0x00, 0x00, 0x00, 0x00, 0x00, 0x00,
    0x00, 0x00, 0x00, 0x00, 0x00, 0x00, 0x00, 0x00, 0x00, 0x00, 0x00, 0x00,
};

const lv_image_dsc_t app_icon_calendar = {
    .header.magic = LV_IMAGE_HEADER_MAGIC,
    .header.cf = LV_COLOR_FORMAT_RGB565A8,
    .header.w = 30,
    .header.h = 30,
    .data_size = sizeof(app_icon_calendar_map),
    .data = app_icon_calendar_map,
};

static const uint8_t app_icon_alarm_map[] = {
    0x00, 0x00, 0x00, 0x00, 0x00, 0x00, 0x00, 0x00, 0x00, 0x00, 0x00, 0x00, 0x00, 0x00, 0x00, 0x00,
    0x00, 0x00, 0x00, 0x00, 0x00, 0x00, 0x00, 0x00, 0x00, 0x00, 0x00, 0x00, 0x00, 0x00, 0x00, 0x00,
    0x00, 0x00, 0x00, 0x00, 0x00, 0x00, 0x00, 0x00, 0x00, 0x00, 0x00, 0x00, 0x00, 0x00, 0x00, 0x00,
    0x00, 0x00, 0x00, 0x00, 0x00, 0x00, 0x00, 0x00, 0x00, 0x00, 0x00, 0x00, 0x00, 0x00, 0x00, 0x00,
    0x00, 0x00, 0x00, 0x00, 0x00, 0x00, 0x00, 0x00, 0x00, 0x00, 0x00, 0x00, 0x00, 0x00, 0x00, 0x00,
    0x00, 0x00, 0x00, 0x00, 0x00, 0x00, 0x00, 0x00, 0x00, 0x00, 0x00, 0x00, 0x00, 0x00, 0x00, 0x00,
    0x00, 0x00, 0x00, 0x00, 0x00, 0x00, 0x00, 0x00, 0x00, 0x00, 0x00, 0x00, 0x00, 0x00, 0x00, 0x00,
    0x00, 0x00, 0x00, 0x00, 0x00, 0x00, 0x00, 0x00, 0x00, 0x00, 0x00, 0x00, 0x00, 0x00, 0x00, 0x00,
    0x00, 0x00, 0x00, 0x00, 0xf6, 0xfc, 0x00, 0x00, 0x00, 0x00, 0x00, 0x00, 0x00, 0x00, 0x00, 0x00,
    0x00, 0x00, 0x00, 0x00, 0x00, 0x00, 0x00, 0x00, 0x00, 0x00, 0x00, 0x00, 0x00, 0x00, 0x00, 0x00,
    0x00, 0x00, 0x00, 0x00, 0x00, 0x00, 0xf6, 0xfc, 0x00, 0x00, 0x00, 0x00, 0x00, 0x00, 0x00, 0x00,
    0x00, 0x00, 0x00, 0x00, 0x00, 0x00, 0x00, 0x00, 0x00, 0x00, 0x00, 0x00, 0x00, 0x00, 0xf6, 0xfc,
    0xf6, 0xfc, 0xf6, 0xfc, 0x00, 0x00, 0x00, 0x00, 0x00, 0x00, 0x00, 0x00, 0x00, 0x00, 0x00, 0x00,
    0x00, 0x00, 0x00, 0x00, 0x00, 0x00, 0x00, 0x00, 0x00, 0x00, 0x00, 0x00, 0x00, 0x00, 0x00, 0x00,
    0xf6, 0xfc, 0xf6, 0xfc, 0xf6, 0xfc, 0x00, 0x00, 0x00, 0x00, 0x00, 0x00, 0x00, 0x00, 0x00, 0x00,
    0x00, 0x00, 0x00, 0x00, 0x00, 0x00, 0x00, 0x00, 0xf6, 0xfc, 0xf6, 0xfc, 0xf6, 0xfc, 0xf6, 0xfc,
    0x00, 0x00, 0x00, 0x00, 0x00, 0x00, 0x00, 0x00, 0xd6, 0xfc, 0xf7, 0xfc, 0xf6, 0xfc, 0xf6, 0xfc,
    0xf7, 0xfc, 0xd6, 0xfc, 0x00, 0x00, 0x00, 0x00, 0x00, 0x00, 0x00, 0x00, 0xf6, 0xfc, 0xf6, 0xfc,
    0xf6, 0xfc, 0xf6, 0xfc, 0x00, 0x00, 0x00, 0x00, 0x00, 0x00, 0x00, 0x00, 0x00, 0x00, 0x00, 0x00,
    0x00, 0x00, 0xf6, 0xfc, 0xf6, 0xfc, 0xf6, 0xfc, 0xf6, 0xfc, 0x00, 0x00, 0x00, 0x00, 0xf7, 0xfb,
    0xf6, 0xfc, 0xf6, 0xfc, 0xf6, 0xfc, 0xf6, 0xfc, 0xf6, 0xfc, 0xf6, 0xfc, 0xf6, 0xfc, 0xf6, 0xfc,
    0xf6, 0xfc, 0xf6, 0xfc, 0xef, 0xfb, 0x00, 0x00, 0x00, 0x00, 0xf6, 0xfc, 0xf6, 0xfc, 0xf6, 0xfc,
    0xf6, 0xfc, 0x00, 0x00, 0x00, 0x00, 0x00, 0x00, 0x00, 0x00, 0x00, 0x00, 0xf6, 0xfc, 0xf6, 0xfc,
    0xf6, 0xfc, 0xf6, 0xfc, 0x00, 0x00, 0x00, 0x00, 0xf6, 0xfc, 0xf6, 0xfc, 0xf6, 0xfc, 0xf6, 0xfc,
    0xf6, 0xfc, 0xf6, 0xfc, 0xf6, 0xfc, 0xf6, 0xfc, 0xf6, 0xfc, 0xf6, 0xfc, 0xf6, 0xfc, 0xf6, 0xfc,
    0xf6, 0xfc, 0xf6, 0xfc, 0x00, 0x00, 0x00, 0x00, 0xf6, 0xfc, 0xf6, 0xfc, 0xf6, 0xfc, 0xf6, 0xfc,
    0x00, 0x00, 0x00, 0x00, 0x00, 0x00, 0xf5, 0xfc, 0xf6, 0xfc, 0xf6, 0xfc, 0xf6, 0xfc, 0x00, 0x00,
    0x00, 0x00, 0xf6, 0xfc, 0xf6, 0xfc, 0xf6, 0xfc, 0xf6, 0xfc, 0xf6, 0xfc, 0xd6, 0xfc, 0xd6, 0xfc,
    0xd6, 0xfc, 0xd6, 0xfc, 0xd6, 0xfc, 0xd6, 0xfc, 0xf6, 0xfc, 0xf6, 0xfc, 0xf6, 0xfc, 0xf6, 0xfc,
    0xf6, 0xfc, 0x00, 0x00, 0x00, 0x00, 0xf6, 0xfc, 0xf6, 0xfc, 0xf6, 0xfc, 0x36, 0xfd, 0x00, 0x00,
    0x00, 0x00, 0x00, 0x00, 0xf6, 0xfc, 0xd6, 0xfc, 0x00, 0x00, 0x00, 0x00, 0xf6, 0xfc, 0xf6, 0xfc,
    0xf6, 0xfc, 0xf6, 0xfc, 0xd6, 0xfc, 0xd6, 0xfc, 0xd6, 0xfc, 0xd6, 0xfc, 0xf6, 0xfc, 0xf6, 0xfc,
    0xd6, 0xfc, 0xd6, 0xfc, 0xd6, 0xfc, 0xd6, 0xfc, 0xf6, 0xfc, 0xf6, 0xfc, 0xf6, 0xfc, 0xf6, 0xfc,
    0x00, 0x00, 0x00, 0x00, 0xd6, 0xfc, 0xf6, 0xfc, 0x00, 0x00, 0x00, 0x00, 0x00, 0x00, 0x00, 0x00,
    0x00, 0x00, 0x00, 0x00, 0x00, 0x00, 0xf6, 0xfc, 0xf6, 0xfc, 0xf6, 0xfc, 0xf6, 0xfc, 0xd6, 0xfc,
    0xd6, 0xfc, 0xd6, 0xfc, 0xd6, 0xfc, 0xd6, 0xfc, 0xf6, 0xfc, 0xf6, 0xfc, 0xd6, 0xfc, 0xd6, 0xfc,
    0xd6, 0xfc, 0xd6, 0xfc, 0xd6, 0xfc, 0xf6, 0xfc, 0xf6, 0xfc, 0xf6, 0xfc, 0xd6, 0xfc, 0x00, 0x00,
    0x00, 0x00, 0x00, 0x00, 0x00, 0x00, 0x00, 0x00, 0x00, 0x00, 0x00, 0x00, 0x00, 0x00, 0x00, 0x00,
    0xef, 0xfb, 0xf6, 0xfc, 0xf6, 0xfc, 0xf6, 0xfc, 0xd6, 0xfc, 0xd6, 0xfc, 0xd6, 0xfc, 0xd6, 0xfc,
    0xd6, 0xfc, 0xd6, 0xfc, 0xf6, 0xfc, 0xf6, 0xfc, 0xd6, 0xfc, 0xd6, 0xfc, 0xd6, 0xfc, 0xd6, 0xfc,
    0xd6, 0xfc, 0xd6, 0xfc, 0xf6, 0xfc, 0xf6, 0xfc, 0xf6, 0xfc, 0xef, 0xfb, 0x00, 0x00, 0x00, 0x00,
    0x00, 0x00, 0x00, 0x00, 0x00, 0x00, 0x00, 0x00, 0x00, 0x00, 0x00, 0x00, 0xf6, 0xfc, 0xf6, 0xfc,
    0xf6, 0xfc, 0xd6, 0xfc, 0xd6, 0xfc, 0xd6, 0xfc, 0xd6, 0xfc, 0xd6, 0xfc, 0xd6, 0xfc, 0xd6, 0xfc,
    0xf6, 0xfc, 0xf6, 0xfc, 0xd6, 0xfc, 0xd6, 0xfc, 0xd6, 0xfc, 0xd6, 0xfc, 0xd6, 0xfc, 0xd6, 0xfc,
    0xd6, 0xfc, 0xf6, 0xfc, 0xf6, 0xfc, 0xd6, 0xfc, 0x00, 0x00, 0x00, 0x00, 0x00, 0x00, 0x00, 0x00,
    0x00, 0x00, 0x00, 0x00, 0x00, 0x00, 0x00, 0x00, 0xf6, 0xfc, 0xf6, 0xfc, 0xd6, 0xfc, 0xd6, 0xfc,
    0xd6, 0xfc, 0xd6, 0xfc, 0xd6, 0xfc, 0xd6, 0xfc, 0xd6, 0xfc, 0xd6, 0xfc, 0xf6, 0xfc, 0xf6, 0xfc,
    0xd6, 0xfc, 0xd6, 0xfc, 0xd6, 0xfc, 0xd6, 0xfc, 0xd6, 0xfc, 0xd6, 0xfc, 0xd6, 0xfc, 0xd6, 0xfc,
    0xf6, 0xfc, 0xf6, 0xfc, 0x00, 0x00, 0x00, 0x00, 0x00, 0x00, 0x00, 0x00, 0x00, 0x00, 0x00, 0x00,
    0x00, 0x00, 0x55, 0xfd, 0xf6, 0xfc, 0xf6, 0xfc, 0xb6, 0xfc, 0xd6, 0xfc, 0xd6, 0xfc, 0xd6, 0xfc,
    0xd6, 0xfc, 0xd6, 0xfc, 0xd6, 0xfc, 0xd6, 0xfc, 0xf6, 0xfc, 0xf6, 0xfc, 0xd6, 0xfc, 0xd6, 0xfc,
    0xd6, 0xfc, 0xd6, 0xfc, 0xd6, 0xfc, 0xd6, 0xfc, 0xd6, 0xfc, 0xf6, 0xfc, 0xf6, 0xfc, 0xf6, 0xfc,
    0x55, 0xfd, 0x00, 0x00, 0x00, 0x00, 0x00, 0x00, 0x00, 0x00, 0x00, 0x00, 0x00, 0x00, 0xd6, 0xfc,
    0xf6, 0xfc, 0xf6, 0xfc, 0xd6, 0xfc, 0xd6, 0xfc, 0xd6, 0xfc, 0xd6, 0xfc, 0xd6, 0xfc, 0xd6, 0xfc,
    0xd6, 0xfc, 0xd6, 0xfc, 0xf6, 0xfc, 0xf6, 0xfc, 0xd6, 0xfc, 0xd6, 0xfc, 0xd6, 0xfc, 0xd6, 0xfc,
    0xd6, 0xfc, 0xd6, 0xfc, 0xd6, 0xfc, 0xd6, 0xfc, 0xf6, 0xfc, 0xf6, 0xfc, 0xf7, 0xfc, 0x00, 0x00,
    0x00, 0x00, 0x00, 0x00, 0x00, 0x00, 0x00, 0x00, 0x00, 0x00, 0xf6, 0xfc, 0xf6, 0xfc, 0xf6, 0xfc,
    0xd6, 0xfc, 0xd6, 0xfc, 0xd6, 0xfc, 0xd6, 0xfc, 0xd6, 0xfc, 0xd6, 0xfc, 0xd6, 0xfc, 0xd6, 0xfc,
    0xf6, 0xfc, 0xf6, 0xfc, 0xf6, 0xfc, 0xf6, 0xfc, 0xf6, 0xfc, 0xf6, 0xfc, 0xf6, 0xfc, 0xf6, 0xfc,
    0xf6, 0xfc, 0xd6, 0xfc, 0xf6, 0xfc, 0xf6, 0xfc, 0xf6, 0xfc, 0x00, 0x00, 0x00, 0x00, 0x00, 0x00,
    0x00, 0x00, 0x00, 0x00, 0x00, 0x00, 0xf6, 0xfc, 0xf6, 0xfc, 0xf6, 0xfc, 0xd6, 0xfc, 0xd6, 0xfc,
    0xd6, 0xfc, 0xd6, 0xfc, 0xd6, 0xfc, 0xd6, 0xfc, 0xd6, 0xfc, 0xd6, 0xfc, 0xf6, 0xfc, 0xf6, 0xfc,
    0xf6, 0xfc, 0xf6, 0xfc, 0xf6, 0xfc, 0xf6, 0xfc, 0xf6, 0xfc, 0xf6, 0xfc, 0xf6, 0xfc, 0xd6, 0xfc,
    0xf6, 0xfc, 0xf6, 0xfc, 0xf6, 0xfc, 0x00, 0x00, 0x00, 0x00, 0x00, 0x00, 0x00, 0x00, 0x00, 0x00,
    0x00, 0x00, 0xf6, 0xfc, 0xf6, 0xfc, 0xf6, 0xfc, 0xd6, 0xfc, 0xd6, 0xfc, 0xd6, 0xfc, 0xd6, 0xfc,
    0xd6, 0xfc, 0xd6, 0xfc, 0xd6, 0xfc, 0xd6, 0xfc, 0xd6, 0xfc, 0xd6, 0xfc, 0xd6, 0xfc, 0xd6, 0xfc,
    0xd6, 0xfc, 0xd6, 0xfc, 0xd6, 0xfc, 0xd6, 0xfc, 0xd6, 0xfc, 0xd6, 0xfc, 0xf6, 0xfc, 0xf6, 0xfc,
    0xf6, 0xfc, 0x00, 0x00, 0x00, 0x00, 0x00, 0x00, 0x00, 0x00, 0x00, 0x00, 0x00, 0x00, 0xff, 0xff,
    0xf6, 0xfc, 0xf6, 0xfc, 0xd6, 0xfc, 0xd6, 0xfc, 0xd6, 0xfc, 0xd6, 0xfc, 0xd6, 0xfc, 0xd6, 0xfc,
    0xd6, 0xfc, 0xd6, 0xfc, 0xd6, 0xfc, 0xd6, 0xfc, 0xd6, 0xfc, 0xd6, 0xfc, 0xd6, 0xfc, 0xd6, 0xfc,
    0xd6, 0xfc, 0xd6, 0xfc, 0xd6, 0xfc, 0xf6, 0xfc, 0xf6, 0xfc, 0xf6, 0xfc, 0xff, 0xff, 0x00, 0x00,
    0x00, 0x00, 0x00, 0x00, 0x00, 0x00, 0x00, 0x00, 0x00, 0x00, 0x00, 0x00, 0xf6, 0xfc, 0xf6, 0xfc,
    0xf6, 0xfc, 0xd6, 0xfc, 0xd6, 0xfc, 0xd6, 0xfc, 0xd6, 0xfc, 0xd6, 0xfc, 0xd6, 0xfc, 0xd6, 0xfc,
    0xd6, 0xfc, 0xd6, 0xfc, 0xd6, 0xfc, 0xd6, 0xfc, 0xd6, 0xfc, 0xd6, 0xfc, 0xd6, 0xfc, 0xd6, 0xfc,
    0xd6, 0xfc, 0xf6, 0xfc, 0xf6, 0xfc, 0xf6, 0xfc, 0x00, 0x00, 0x00, 0x00, 0x00, 0x00, 0x00, 0x00,
    0x00, 0x00, 0x00, 0x00, 0x00, 0x00, 0x00, 0x00, 0xf6, 0xfc, 0xf6, 0xfc, 0xf6, 0xfc, 0xd6, 0xfc,
    0xd6, 0xfc, 0xd6, 0xfc, 0xd6, 0xfc, 0xd6, 0xfc, 0xd6, 0xfc, 0xd6, 0xfc, 0xd6, 0xfc, 0xd6, 0xfc,
    0xd6, 0xfc, 0xd6, 0xfc, 0xd6, 0xfc, 0xd6, 0xfc, 0xd6, 0xfc, 0xd6, 0xfc, 0xd6, 0xfc, 0xf6, 0xfc,
    0xf6, 0xfc, 0xf6, 0xfc, 0x00, 0x00, 0x00, 0x00, 0x00, 0x00, 0x00, 0x00, 0x00, 0x00, 0x00, 0x00,
    0x00, 0x00, 0x00, 0x00, 0x00, 0x00, 0xf6, 0xfc, 0xf6, 0xfc, 0xf6, 0xfc, 0xd6, 0xfc, 0xd6, 0xfc,
    0xd6, 0xfc, 0xd6, 0xfc, 0xd6, 0xfc, 0xd6, 0xfc, 0xd6, 0xfc, 0xd6, 0xfc, 0xd6, 0xfc, 0xd6, 0xfc,
    0xd6, 0xfc, 0xd6, 0xfc, 0xd6, 0xfc, 0xd6, 0xfc, 0xf6, 0xfc, 0xf6, 0xfc, 0xf6, 0xfc, 0x00, 0x00,
    0x00, 0x00, 0x00, 0x00, 0x00, 0x00, 0x00, 0x00, 0x00, 0x00, 0x00, 0x00, 0x00, 0x00, 0x00, 0x00,
    0x00, 0x00, 0xd6, 0xfc, 0xf6, 0xfc, 0xf6, 0xfc, 0xf6, 0xfc, 0xd6, 0xfc, 0xd6, 0xfc, 0xd6, 0xfc,
    0xd6, 0xfc, 0xd6, 0xfc, 0xd6, 0xfc, 0xd6, 0xfc, 0xd6, 0xfc, 0xd6, 0xfc, 0xd6, 0xfc, 0xd6, 0xfc,
    0xd6, 0xfc, 0xf6, 0xfc, 0xf6, 0xfc, 0xf6, 0xfc, 0xd6, 0xfc, 0x00, 0x00, 0x00, 0x00, 0x00, 0x00,
    0x00, 0x00, 0x00, 0x00, 0x00, 0x00, 0x00, 0x00, 0x00, 0x00, 0x00, 0x00, 0x00, 0x00, 0x00, 0x00,
    0xf6, 0xfc, 0xf6, 0xfc, 0xf6, 0xfc, 0xf6, 0xfc, 0xf6, 0xfc, 0xd6, 0xfc, 0xd6, 0xfc, 0xd6, 0xfc,
    0xd6, 0xfc, 0xd6, 0xfc, 0xd6, 0xfc, 0xd6, 0xfc, 0xd6, 0xfc, 0xf6, 0xfc, 0xf6, 0xfc, 0xf6, 0xfc,
    0xf6, 0xfc, 0xf6, 0xfc, 0x00, 0x00, 0x00, 0x00, 0x00, 0x00, 0x00, 0x00, 0x00, 0x00, 0x00, 0x00,
    0x00, 0x00, 0x00, 0x00, 0x00, 0x00, 0x00, 0x00, 0x00, 0x00, 0x00, 0x00, 0x00, 0x00, 0xf6, 0xfc,
    0xf6, 0xfc, 0xf6, 0xfc, 0xf6, 0xfc, 0xf6, 0xfc, 0xd6, 0xfc, 0xd6, 0xfc, 0xd6, 0xfc, 0xd6, 0xfc,
    0xd6, 0xfc, 0xf6, 0xfc, 0xf6, 0xfc, 0xf6, 0xfc, 0xf6, 0xfc, 0xf6, 0xfc, 0xf6, 0xfc, 0x00, 0x00,
    0x00, 0x00, 0x00, 0x00, 0x00, 0x00, 0x00, 0x00, 0x00, 0x00, 0x00, 0x00, 0x00, 0x00, 0x00, 0x00,
    0x00, 0x00, 0x00, 0x00, 0x00, 0x00, 0x00, 0x00, 0x00, 0x00, 0x00, 0x00, 0xd6, 0xfc, 0xf6, 0xfc,
    0xf6, 0xfc, 0xf6, 0xfc, 0xf6, 0xfc, 0xf6, 0xfc, 0xf6, 0xfc, 0xf6, 0xfc, 0xf6, 0xfc, 0xf6, 0xfc,
    0xf6, 0xfc, 0xf6, 0xfc, 0xf6, 0xfc, 0xd6, 0xfc, 0x00, 0x00, 0x00, 0x00, 0x00, 0x00, 0x00, 0x00,
    0x00, 0x00, 0x00, 0x00, 0x00, 0x00, 0x00, 0x00, 0x00, 0x00, 0x00, 0x00, 0x00, 0x00, 0x00, 0x00,
    0x00, 0x00, 0x00, 0x00, 0x00, 0x00, 0x00, 0x00, 0x00, 0x00, 0x00, 0x00, 0xf6, 0xfc, 0xf6, 0xfc,
    0xf6, 0xfc, 0xf6, 0xfc, 0xf6, 0xfc, 0xf6, 0xfc, 0xf6, 0xfc, 0xf6, 0xfc, 0xf6, 0xfc, 0xf6, 0xfc,
    0x00, 0x00, 0x00, 0x00, 0x00, 0x00, 0x00, 0x00, 0x00, 0x00, 0x00, 0x00, 0x00, 0x00, 0x00, 0x00,
    0x00, 0x00, 0x00, 0x00, 0x00, 0x00, 0x00, 0x00, 0x00, 0x00, 0x00, 0x00, 0x00, 0x00, 0x00, 0x00,
    0x00, 0x00, 0x00, 0x00, 0x00, 0x00, 0x00, 0x00, 0x00, 0x00, 0x00, 0x00, 0x00, 0x00, 0xf7, 0xfc,
    0xd6, 0xfc, 0xd6, 0xfc, 0xf7, 0xfc, 0x00, 0x00, 0x00, 0x00, 0x00, 0x00, 0x00, 0x00, 0x00, 0x00,
    0x00, 0x00, 0x00, 0x00, 0x00, 0x00, 0x00, 0x00, 0x00, 0x00, 0x00, 0x00, 0x00, 0x00, 0x00, 0x00,
    0x00, 0x00, 0x00, 0x00, 0x00, 0x00, 0x00, 0x00, 0x00, 0x00, 0x00, 0x00, 0x00, 0x00, 0x00, 0x00,
    0x00, 0x00, 0x00, 0x00, 0x00, 0x00, 0x00, 0x00, 0x00, 0x00, 0x00, 0x00, 0x00, 0x00, 0x00, 0x00,
    0x00, 0x00, 0x00, 0x00, 0x00, 0x00, 0x00, 0x00, 0x00, 0x00, 0x00, 0x00, 0x00, 0x00, 0x00, 0x00,
    0x00, 0x00, 0x00, 0x00, 0x00, 0x00, 0x00, 0x00, 0x00, 0x00, 0x00, 0x00, 0x00, 0x00, 0x00, 0x00,
    0x00, 0x00, 0x00, 0x00, 0x00, 0x00, 0x00, 0x00, 0x00, 0x00, 0x00, 0x00, 0x00, 0x00, 0x00, 0x00,
    0x00, 0x00, 0x00, 0x00, 0x00, 0x00, 0x00, 0x00, 0x00, 0x00, 0x00, 0x00, 0x00, 0x00, 0x00, 0x00,
    0x00, 0x00, 0x00, 0x00, 0x00, 0x00, 0x00, 0x00, 0x00, 0x00, 0x00, 0x00, 0x00, 0x00, 0x00, 0x00,
    0x00, 0x00, 0x00, 0x00, 0x00, 0x00, 0x00, 0x00, 0x00, 0x00, 0x00, 0x00, 0x00, 0x00, 0x00, 0x00,
    0x00, 0x00, 0x00, 0x00, 0x00, 0x00, 0x00, 0x00, 0x00, 0x00, 0x00, 0x00, 0x00, 0x00, 0x00, 0x00,
    0x00, 0x00, 0x00, 0x00, 0x00, 0x00, 0x00, 0x00, 0x00, 0x00, 0x00, 0x00, 0x00, 0x00, 0x00, 0x00,
    0x00, 0x00, 0x00, 0x00, 0x00, 0x00, 0x00, 0x00, 0x00, 0x00, 0x00, 0x00, 0x00, 0x00, 0x00, 0x00,
    0x00, 0x00, 0x00, 0x00, 0x00, 0x00, 0x00, 0x00, 0x00, 0x00, 0x20, 0x00, 0x00, 0x00, 0x00, 0x00,
    0x00, 0x00, 0x00, 0x00, 0x00, 0x00, 0x00, 0x00, 0x00, 0x00, 0x00, 0x20, 0x00, 0x00, 0x00, 0x00,
    0x00, 0x00, 0x00, 0x00, 0x00, 0x00, 0x00, 0x83, 0xff, 0x66, 0x00, 0x00, 0x00, 0x00, 0x00, 0x00,
    0x00, 0x00, 0x00, 0x00, 0x00, 0x00, 0x00, 0x00, 0x66, 0xff, 0x83, 0x00, 0x00, 0x00, 0x00, 0x00,
    0x00, 0x00, 0x00, 0x00, 0x83, 0xff, 0xee, 0x2c, 0x00, 0x00, 0x00, 0x00, 0x0a, 0x32, 0x49, 0x49,
    0x32, 0x0a, 0x00, 0x00, 0x00, 0x00, 0x2c, 0xee, 0xff, 0x83, 0x00, 0x00, 0x00, 0x00, 0x00, 0x00,
    0x00, 0x83, 0xff, 0xee, 0x34, 0x00, 0x00, 0x04, 0x5c, 0xbe, 0xf9, 0xff, 0xff, 0xff, 0xff, 0xf9,
    0xbd, 0x5b, 0x04, 0x00, 0x00, 0x34, 0xee, 0xff, 0x83, 0x00, 0x00, 0x00, 0x00, 0x00, 0x82, 0xff,
    0xee, 0x34, 0x00, 0x00, 0x3d, 0xd7, 0xff, 0xff, 0xec, 0xc0, 0xaa, 0xaa, 0xc0, 0xec, 0xff, 0xff,
    0xd6, 0x3c, 0x00, 0x00, 0x34, 0xee, 0xff, 0x82, 0x00, 0x00, 0x00, 0x12, 0xfe, 0xee, 0x34, 0x00,
    0x00, 0x6d, 0xfb, 0xff, 0xc7, 0x66, 0x34, 0x33, 0x33, 0x33, 0x33, 0x34, 0x66, 0xc7, 0xff, 0xfb,
    0x6c, 0x00, 0x00, 0x34, 0xee, 0xfe, 0x11, 0x00, 0x00, 0x00, 0x50, 0x29, 0x00, 0x00, 0x6b, 0xfe,
    0xf7, 0x7c, 0x33, 0x33, 0x33, 0x33, 0x77, 0x77, 0x33, 0x33, 0x33, 0x33, 0x7c, 0xf7, 0xfe, 0x69,
    0x00, 0x00, 0x29, 0x50, 0x00, 0x00, 0x00, 0x00, 0x00, 0x00, 0x00, 0x39, 0xfa, 0xf7, 0x64, 0x33,
    0x33, 0x33, 0x33, 0x33, 0xef, 0xef, 0x33, 0x33, 0x33, 0x33, 0x33, 0x64, 0xf7, 0xfa, 0x38, 0x00,
    0x00, 0x00, 0x00, 0x00, 0x00, 0x00, 0x00, 0x00, 0x02, 0xd2, 0xff, 0x80, 0x33, 0x33, 0x33, 0x33,
    0x33, 0x33, 0xf2, 0xf2, 0x33, 0x33, 0x33, 0x33, 0x33, 0x33, 0x80, 0xff, 0xd1, 0x02, 0x00, 0x00,
    0x00, 0x00, 0x00, 0x00, 0x00, 0x00, 0x53, 0xff, 0xcc, 0x33, 0x33, 0x33, 0x33, 0x33, 0x33, 0x33,
    0xf2, 0xf2, 0x33, 0x33, 0x33, 0x33, 0x33, 0x33, 0x33, 0xcd, 0xff, 0x52, 0x00, 0x00, 0x00, 0x00,
    0x00, 0x00, 0x00, 0x00, 0xb3, 0xff, 0x6e, 0x33, 0x33, 0x33, 0x33, 0x33, 0x33, 0x33, 0xf2, 0xf2,
    0x33, 0x33, 0x33, 0x33, 0x33, 0x33, 0x33, 0x6e, 0xff, 0xb2, 0x00, 0x00, 0x00, 0x00, 0x00, 0x00,
    0x00, 0x03, 0xf3, 0xf3, 0x36, 0x33, 0x33, 0x33, 0x33, 0x33, 0x33, 0x33, 0xf2, 0xf2, 0x33, 0x33,
    0x33, 0x33, 0x33, 0x33, 0x33, 0x36, 0xf3, 0xf3, 0x03, 0x00, 0x00, 0x00, 0x00, 0x00, 0x00, 0x25,
    0xff, 0xcb, 0x33, 0x33, 0x33, 0x33, 0x33, 0x33, 0x33, 0x33, 0xf2, 0xf2, 0x33, 0x33, 0x33, 0x33,
    0x33, 0x33, 0x33, 0x33, 0xcb, 0xff, 0x24, 0x00, 0x00, 0x00, 0x00, 0x00, 0x00, 0x3a, 0xff, 0xb6,
    0x33, 0x33, 0x33, 0x33, 0x33, 0x33, 0x33, 0x33, 0xf2, 0xff, 0xff, 0xff, 0xff, 0xff, 0xff, 0xfa,
    0x73, 0x33, 0xb7, 0xff, 0x3a, 0x00, 0x00, 0x00, 0x00, 0x00, 0x00, 0x38, 0xff, 0xb8, 0x33, 0x33,
    0x33, 0x33, 0x33, 0x33, 0x33, 0x33, 0xb0, 0xe5, 0xe5, 0xe5, 0xe5, 0xe5, 0xe5, 0xe1, 0x66, 0x33,
    0xb8, 0xff, 0x38, 0x00, 0x00, 0x00, 0x00, 0x00, 0x00, 0x20, 0xff, 0xcf, 0x33, 0x33, 0x33, 0x33,
    0x33, 0x33, 0x33, 0x33, 0x33, 0x33, 0x33, 0x33, 0x33, 0x33, 0x33, 0x33, 0x33, 0x33, 0xd0, 0xff,
    0x20, 0x00, 0x00, 0x00, 0x00, 0x00, 0x00, 0x01, 0xee, 0xf7, 0x39, 0x33, 0x33, 0x33, 0x33, 0x33,
    0x33, 0x33, 0x33, 0x33, 0x33, 0x33, 0x33, 0x33, 0x33, 0x33, 0x33, 0x39, 0xf7, 0xee, 0x01, 0x00,
    0x00, 0x00, 0x00, 0x00, 0x00, 0x00, 0xa8, 0xff, 0x78, 0x33, 0x33, 0x33, 0x33, 0x33, 0x33, 0x33,
    0x33, 0x33, 0x33, 0x33, 0x33, 0x33, 0x33, 0x33, 0x33, 0x79, 0xff, 0xa8, 0x00, 0x00, 0x00, 0x00,
    0x00, 0x00, 0x00, 0x00, 0x45, 0xff, 0xd9, 0x35, 0x33, 0x33, 0x33, 0x33, 0x33, 0x33, 0x33, 0x33,
    0x33, 0x33, 0x33, 0x33, 0x33, 0x33, 0x35, 0xd9, 0xff, 0x45, 0x00, 0x00, 0x00, 0x00, 0x00, 0x00,
    0x00, 0x00, 0x00, 0xc2, 0xff, 0x92, 0x33, 0x33, 0x33, 0x33, 0x33, 0x33, 0x33, 0x33, 0x33, 0x33,
    0x33, 0x33, 0x33, 0x33, 0x93, 0xff, 0xc2, 0x00, 0x00, 0x00, 0x00, 0x00, 0x00, 0x00, 0x00, 0x00,
    0x00, 0x29, 0xf4, 0xfc, 0x78, 0x33, 0x33, 0x33, 0x33, 0x33, 0x33, 0x33, 0x33, 0x33, 0x33, 0x33,
    0x33, 0x79, 0xfc, 0xf4, 0x29, 0x00, 0x00, 0x00, 0x00, 0x00, 0x00, 0x00, 0x00, 0x00, 0x00, 0x00,
    0x51, 0xfb, 0xfc, 0x96, 0x36, 0x33, 0x33, 0x33, 0x33, 0x33, 0x33, 0x33, 0x33, 0x36, 0x97, 0xfd,
    0xfb, 0x51, 0x00, 0x00, 0x00, 0x00, 0x00, 0x00, 0x00, 0x00, 0x00, 0x00, 0x00, 0x00, 0x00, 0x50,
    0xf3, 0xff, 0xdd, 0x80, 0x3e, 0x33, 0x33, 0x33, 0x33, 0x3e, 0x80, 0xde, 0xff, 0xf2, 0x50, 0x00,
    0x00, 0x00, 0x00, 0x00, 0x00, 0x00, 0x00, 0x00, 0x00, 0x00, 0x00, 0x00, 0x00, 0x00, 0x26, 0xbc,
    0xff, 0xff, 0xfb, 0xda, 0xc4, 0xc4, 0xda, 0xfb, 0xff, 0xff, 0xbb, 0x26, 0x00, 0x00, 0x00, 0x00,
    0x00, 0x00, 0x00, 0x00, 0x00, 0x00, 0x00, 0x00, 0x00, 0x00, 0x00, 0x00, 0x00, 0x00, 0x3c, 0x9e,
    0xe3, 0xff, 0xff, 0xff, 0xff, 0xe3, 0x9e, 0x3c, 0x00, 0x00, 0x00, 0x00, 0x00, 0x00, 0x00, 0x00,
    0x00, 0x00, 0x00, 0x00, 0x00, 0x00, 0x00, 0x00, 0x00, 0x00, 0x00, 0x00, 0x00, 0x00, 0x00, 0x12,
    0x29, 0x29, 0x12, 0x00, 0x00, 0x00, 0x00, 0x00, 0x00, 0x00, 0x00, 0x00, 0x00, 0x00, 0x00, 0x00,
    0x00, 0x00, 0x00, 0x00, 0x00, 0x00, 0x00, 0x00, 0x00, 0x00, 0x00, 0x00, 0x00, 0x00, 0x00, 0x00,
    0x00, 0x00, 0x00, 0x00, 0x00, 0x00, 0x00, 0x00, 0x00, 0x00, 0x00, 0x00, 0x00, 0x00, 0x00, 0x00,
    0x00, 0x00, 0x00, 0x00, 0x00, 0x00, 0x00, 0x00, 0x00, 0x00, 0x00, 0x00, 0x00, 0x00, 0x00, 0x00,
    0x00, 0x00, 0x00, 0x00, 0x00, 0x00, 0x00, 0x00, 0x00, 0x00, 0x00, 0x00,
};

const lv_image_dsc_t app_icon_alarm = {
    .header.magic = LV_IMAGE_HEADER_MAGIC,
    .header.cf = LV_COLOR_FORMAT_RGB565A8,
    .header.w = 30,
    .header.h = 30,
    .data_size = sizeof(app_icon_alarm_map),
    .data = app_icon_alarm_map,
};

static const uint8_t app_icon_music_map[] = {
    0x00, 0x00, 0x00, 0x00, 0x00, 0x00, 0x00, 0x00, 0x00, 0x00, 0x00, 0x00, 0x00, 0x00, 0x00, 0x00,
    0x00, 0x00, 0x00, 0x00, 0x00, 0x00, 0x00, 0x00, 0x00, 0x00, 0x00, 0x00, 0x00, 0x00, 0x00, 0x00,
    0x00, 0x00, 0x00, 0x00, 0x00, 0x00, 0x00, 0x00, 0x00, 0x00, 0x00, 0x00, 0x00, 0x00, 0x00, 0x00,
    0x00, 0x00, 0x00, 0x00, 0x00, 0x00, 0x00, 0x00, 0x00, 0x00, 0x00, 0x00, 0x00, 0x00, 0x00, 0x00,
    0x00, 0x00, 0x00, 0x00, 0x00, 0x00, 0x00, 0x00, 0x00, 0x00, 0x00, 0x00, 0x00, 0x00, 0x00, 0x00,
    0x00, 0x00, 0x00, 0x00, 0x00, 0x00, 0x00, 0x00, 0x00, 0x00, 0x00, 0x00, 0x00, 0x00, 0x00, 0x00,
    0x00, 0x00, 0x00, 0x00, 0x00, 0x00, 0x00, 0x00, 0x00, 0x00, 0xff, 0xff, 0xbc, 0x7e, 0x00, 0x00,
    0x00, 0x00, 0x00, 0x00, 0x00, 0x00, 0x00, 0x00, 0x00, 0x00, 0x00, 0x00, 0x00, 0x00, 0x00, 0x00,
    0x00, 0x00, 0x00, 0x00, 0x00, 0x00, 0x00, 0x00, 0x00, 0x00, 0x00, 0x00, 0x00, 0x00, 0x00, 0x00,
    0x00, 0x00, 0x00, 0x00, 0x00, 0x00, 0x00, 0x00, 0x00, 0x00, 0x00, 0x00, 0x00, 0x00, 0xff, 0xff,
    0xdd, 0x8e, 0xdd, 0x86, 0xdd, 0x86, 0xdd, 0x86, 0xdd, 0x86, 0xbd, 0x86, 0x00, 0x00, 0x00, 0x00,
    0x00, 0x00, 0x00, 0x00, 0x00, 0x00, 0x00, 0x00, 0x00, 0x00, 0x00, 0x00, 0x00, 0x00, 0x00, 0x00,
    0x00, 0x00, 0x00, 0x00, 0x00, 0x00, 0x00, 0x00, 0x00, 0x00, 0x00, 0x00, 0x00, 0x00, 0x00, 0x00,
    0x00, 0x00, 0xff, 0xff, 0xdd, 0x8e, 0xdd, 0x86, 0xdd, 0x86, 0xdd, 0x86, 0xdd, 0x86, 0xdd, 0x86,
    0xdd, 0x86, 0xdd, 0x86, 0xdd, 0x86, 0xdd, 0x8e, 0x00, 0x00, 0x00, 0x00, 0x00, 0x00, 0x00, 0x00,
    0x00, 0x00, 0x00, 0x00, 0x00, 0x00, 0x00, 0x00, 0x00, 0x00, 0x00, 0x00, 0x00, 0x00, 0x00, 0x00,
    0x00, 0x00, 0x00, 0x00, 0x00, 0x00, 0xff, 0xff, 0xdd, 0x8e, 0xdd, 0x86, 0xdd, 0x86, 0xdd, 0x86,
    0xdd, 0x86, 0xdd, 0x86, 0xdd, 0x86, 0xdd, 0x86, 0xdd, 0x86, 0xdd, 0x86, 0xdd, 0x86, 0xdd, 0x86,
    0xdd, 0x86, 0xdd, 0x8e, 0x00, 0x00, 0x00, 0x00, 0x00, 0x00, 0x00, 0x00, 0x00, 0x00, 0x00, 0x00,
    0x00, 0x00, 0x00, 0x00, 0x00, 0x00, 0x00, 0x00, 0x00, 0x00, 0x00, 0x00, 0xfd, 0x8e, 0xdd, 0x86,
    0xdd, 0x86, 0xdd, 0x86, 0xdd, 0x86, 0xdd, 0x86, 0xdd, 0x86, 0xdd, 0x86, 0xdd, 0x86, 0xdd, 0x86,
    0xdd, 0x86, 0xfb, 0x7d, 0x00, 0x00, 0x00, 0x00, 0x00, 0x00, 0xdd, 0x8e, 0xdd, 0x86, 0xdd, 0x8e,
    0x00, 0x00, 0x00, 0x00, 0x00, 0x00, 0x00, 0x00, 0x00, 0x00, 0x00, 0x00, 0x00, 0x00, 0x00, 0x00,
    0x00, 0x00, 0x00, 0x00, 0x00, 0x00, 0x00, 0x00, 0xdd, 0x86, 0xdd, 0x86, 0xdd, 0x86, 0xdd, 0x86,
    0xdd, 0x86, 0xdd, 0x86, 0xdd, 0x86, 0xfb, 0x7d, 0x00, 0x00, 0x00, 0x00, 0x00, 0x00, 0x00, 0x00,
    0x00, 0x00, 0x00, 0x00, 0x00, 0x00, 0xdd, 0x8e, 0xdd, 0x86, 0xdd, 0x8e, 0x00, 0x00, 0x00, 0x00,
    0x00, 0x00, 0x00, 0x00, 0x00, 0x00, 0x00, 0x00, 0x00, 0x00, 0x00, 0x00, 0x00, 0x00, 0x00, 0x00,
    0x00, 0x00, 0x00, 0x00, 0xdd, 0x8e, 0xdd, 0x86, 0xbd, 0x86, 0xfb, 0x7d, 0x00, 0x00, 0x00, 0x00,
    0x00, 0x00, 0x00, 0x00, 0x00, 0x00, 0x00, 0x00, 0x00, 0x00, 0x00, 0x00, 0x00, 0x00, 0x00, 0x00,
    0x9e, 0x86, 0xdd, 0x86, 0xdd, 0x86, 0xdd, 0x8e, 0x00, 0x00, 0x00, 0x00, 0x00, 0x00, 0x00, 0x00,
    0x00, 0x00, 0x00, 0x00, 0x00, 0x00, 0x00, 0x00, 0x00, 0x00, 0x00, 0x00, 0x00, 0x00, 0x00, 0x00,
    0xdd, 0x8e, 0xdd, 0x86, 0xdd, 0x8e, 0x00, 0x00, 0x00, 0x00, 0x00, 0x00, 0x00, 0x00, 0x00, 0x00,
    0x00, 0x00, 0x00, 0x00, 0x9e, 0x86, 0xdd, 0x86, 0xbd, 0x86, 0xbd, 0x86, 0xdd, 0x86, 0xdd, 0x86,
    0xdd, 0x86, 0xdd, 0x8e, 0x00, 0x00, 0x00, 0x00, 0x00, 0x00, 0x00, 0x00, 0x00, 0x00, 0x00, 0x00,
    0x00, 0x00, 0x00, 0x00, 0x00, 0x00, 0x00, 0x00, 0x00, 0x00, 0x00, 0x00, 0xdd, 0x8e, 0xdd, 0x86,
    0xdd, 0x8e, 0x00, 0x00, 0x00, 0x00, 0x00, 0x00, 0x9e, 0x86, 0xdd, 0x86, 0xbd, 0x86, 0xbd, 0x86,
    0xdd, 0x86, 0xdd, 0x86, 0xdd, 0x86, 0xdd, 0x86, 0xdd, 0x86, 0xdd, 0x86, 0xdd, 0x86, 0xdd, 0x8e,
    0x00, 0x00, 0x00, 0x00, 0x00, 0x00, 0x00, 0x00, 0x00, 0x00, 0x00, 0x00, 0x00, 0x00, 0x00, 0x00,
    0x00, 0x00, 0x00, 0x00, 0x00, 0x00, 0x00, 0x00, 0xdd, 0x8e, 0xdd, 0x86, 0xdd, 0x86, 0xdd, 0x86,
    0xbd, 0x86, 0xbd, 0x86, 0xdd, 0x86, 0xdd, 0x86, 0xdd, 0x86, 0xdd, 0x86, 0xdd, 0x86, 0xdd, 0x86,
    0xdd, 0x86, 0xbc, 0x86, 0x00, 0x00, 0xdd, 0x8e, 0xdd, 0x86, 0xdd, 0x8e, 0x00, 0x00, 0x00, 0x00,
    0x00, 0x00, 0x00, 0x00, 0x00, 0x00, 0x00, 0x00, 0x00, 0x00, 0x00, 0x00, 0x00, 0x00, 0x00, 0x00,
    0x00, 0x00, 0x00, 0x00, 0xdd, 0x8e, 0xdd, 0x86, 0xdd, 0x86, 0xdd, 0x86, 0xdd, 0x86, 0xdd, 0x86,
    0xdd, 0x86, 0xdd, 0x86, 0xdd, 0x86, 0xbc, 0x86, 0x00, 0x00, 0x00, 0x00, 0x00, 0x00, 0x00, 0x00,
    0x00, 0x00, 0xdd, 0x8e, 0xdd, 0x86, 0xdd, 0x8e, 0x00, 0x00, 0x00, 0x00, 0x00, 0x00, 0x00, 0x00,
    0x00, 0x00, 0x00, 0x00, 0x00, 0x00, 0x00, 0x00, 0x00, 0x00, 0x00, 0x00, 0x00, 0x00, 0x00, 0x00,
    0xdd, 0x8e, 0xdd, 0x86, 0xdd, 0x86, 0xdd, 0x86, 0xdd, 0x86, 0xbc, 0x86, 0x00, 0x00, 0x00, 0x00,
    0x00, 0x00, 0x00, 0x00, 0x00, 0x00, 0x00, 0x00, 0x00, 0x00, 0x00, 0x00, 0x00, 0x00, 0xdd, 0x8e,
    0xdd, 0x86, 0xdd, 0x8e, 0x00, 0x00, 0x00, 0x00, 0x00, 0x00, 0x00, 0x00, 0x00, 0x00, 0x00, 0x00,
    0x00, 0x00, 0x00, 0x00, 0x00, 0x00, 0x00, 0x00, 0x00, 0x00, 0x00, 0x00, 0xdd, 0x8e, 0xdd, 0x86,
    0xdd, 0x8e, 0x00, 0x00, 0x00, 0x00, 0x00, 0x00, 0x00, 0x00, 0x00, 0x00, 0x00, 0x00, 0x00, 0x00,
    0x00, 0x00, 0x00, 0x00, 0x00, 0x00, 0x00, 0x00, 0x00, 0x00, 0xdd, 0x8e, 0xdd, 0x86, 0xdd, 0x8e,
    0x00, 0x00, 0x00, 0x00, 0x00, 0x00, 0x00, 0x00, 0x00, 0x00, 0x00, 0x00, 0x00, 0x00, 0x00, 0x00,
    0x00, 0x00, 0x00, 0x00, 0x00, 0x00, 0x00, 0x00, 0xdd, 0x8e, 0xdd, 0x86, 0xdd, 0x8e, 0x00, 0x00,
    0x00, 0x00, 0x00, 0x00, 0x00, 0x00, 0x00, 0x00, 0x00, 0x00, 0x00, 0x00, 0x00, 0x00, 0x00, 0x00,
    0x00, 0x00, 0x00, 0x00, 0x00, 0x00, 0xdd, 0x8e, 0xdd, 0x86, 0xdd, 0x8e, 0x00, 0x00, 0x00, 0x00,
    0x00, 0x00, 0x00, 0x00, 0x00, 0x00, 0x00, 0x00, 0x00, 0x00, 0x00, 0x00, 0x00, 0x00, 0x00, 0x00,
    0x00, 0x00, 0x00, 0x00, 0xdd, 0x8e, 0xdd, 0x86, 0xdd, 0x8e, 0x00, 0x00, 0x00, 0x00, 0x00, 0x00,
    0x00, 0x00, 0x00, 0x00, 0x00, 0x00, 0x00, 0x00, 0xbd, 0x86, 0xdd, 0x86, 0xdd, 0x86, 0xdd, 0x86,
    0xdd, 0x86, 0xdd, 0x86, 0xdd, 0x86, 0xdd, 0x8e, 0x00, 0x00, 0x00, 0x00, 0x00, 0x00, 0x00, 0x00,
    0x00, 0x00, 0x00, 0x00, 0x00, 0x00, 0x00, 0x00, 0x00, 0x00, 0x00, 0x00, 0x00, 0x00, 0x00, 0x00,
    0xdd, 0x8e, 0xdd, 0x86, 0xdd, 0x8e, 0x00, 0x00, 0x00, 0x00, 0x00, 0x00, 0x00, 0x00, 0x00, 0x00,
    0x00, 0x00, 0xdd, 0x86, 0xdd, 0x8e, 0xdd, 0x86, 0xbd, 0x86, 0xdd, 0x86, 0xdd, 0x86, 0xdd, 0x86,
    0xdd, 0x86, 0xdd, 0x8e, 0x00, 0x00, 0x00, 0x00, 0x00, 0x00, 0x00, 0x00, 0x00, 0x00, 0x00, 0x00,
    0x00, 0x00, 0x00, 0x00, 0x00, 0x00, 0x00, 0x00, 0x00, 0x00, 0x00, 0x00, 0xdd, 0x8e, 0xdd, 0x86,
    0xdd, 0x8e, 0x00, 0x00, 0x00, 0x00, 0x00, 0x00, 0x00, 0x00, 0x00, 0x00, 0x00, 0x00, 0xdd, 0x86,
    0xdd, 0x86, 0xdd, 0x86, 0xbd, 0x86, 0x9c, 0x86, 0xdd, 0x86, 0xdd, 0x86, 0xdd, 0x86, 0xdd, 0x8e,
    0x00, 0x00, 0x00, 0x00, 0x00, 0x00, 0x00, 0x00, 0x00, 0x00, 0x00, 0x00, 0x00, 0x00, 0x00, 0x00,
    0xff, 0x57, 0xdd, 0x86, 0xdd, 0x86, 0x1c, 0x8f, 0xdd, 0x8e, 0xdd, 0x86, 0xdd, 0x8e, 0x00, 0x00,
    0x00, 0x00, 0x00, 0x00, 0x00, 0x00, 0x00, 0x00, 0xbf, 0x86, 0xdd, 0x86, 0xdd, 0x86, 0xdd, 0x86,
    0xbd, 0x86, 0xbd, 0x86, 0xbd, 0x86, 0xdd, 0x86, 0xdd, 0x86, 0xdd, 0x8e, 0x00, 0x00, 0x00, 0x00,
    0x00, 0x00, 0x00, 0x00, 0x00, 0x00, 0x00, 0x00, 0x00, 0x00, 0xdd, 0x86, 0xdd, 0x86, 0xdd, 0x86,
    0xdd, 0x86, 0xdd, 0x86, 0xbd, 0x86, 0xdd, 0x86, 0xdd, 0x8e, 0x00, 0x00, 0x00, 0x00, 0x00, 0x00,
    0x00, 0x00, 0x00, 0x00, 0xbd, 0x86, 0xdd, 0x86, 0xdd, 0x86, 0xbd, 0x86, 0xbd, 0x86, 0xbd, 0x86,
    0xbd, 0x86, 0xbd, 0x86, 0xdd, 0x86, 0xbd, 0x86, 0x00, 0x00, 0x00, 0x00, 0x00, 0x00, 0x00, 0x00,
    0x00, 0x00, 0x00, 0x00, 0xbd, 0x86, 0xdd, 0x86, 0xdd, 0x86, 0xbd, 0x86, 0xdd, 0x8e, 0xdd, 0x86,
    0xdd, 0x86, 0xdd, 0x86, 0xdd, 0x8e, 0x00, 0x00, 0x00, 0x00, 0x00, 0x00, 0x00, 0x00, 0x00, 0x00,
    0x00, 0x00, 0xdd, 0x86, 0xdd, 0x86, 0xdd, 0x8e, 0xbd, 0x86, 0xbd, 0x86, 0xdd, 0x86, 0xdd, 0x86,
    0xdd, 0x86, 0xdd, 0x86, 0x00, 0x00, 0x00, 0x00, 0x00, 0x00, 0x00, 0x00, 0x00, 0x00, 0x00, 0x00,
    0xdd, 0x86, 0xdd, 0x86, 0xbd, 0x86, 0xbd, 0x86, 0xbd, 0x86, 0xdd, 0x86, 0xdd, 0x86, 0xdd, 0x86,
    0xdd, 0x8e, 0x00, 0x00, 0x00, 0x00, 0x00, 0x00, 0x00, 0x00, 0x00, 0x00, 0x00, 0x00, 0xbd, 0x86,
    0xdd, 0x86, 0xdd, 0x86, 0xbd, 0x86, 0xdd, 0x86, 0xdd, 0x86, 0xdd, 0x86, 0xdd, 0x86, 0x00, 0x00,
    0x00, 0x00, 0x00, 0x00, 0x00, 0x00, 0x00, 0x00, 0x00, 0x00, 0xde, 0x7e, 0xdd, 0x86, 0xdd, 0x86,
    0xbd, 0x86, 0xbd, 0x86, 0xbd, 0x86, 0xbd, 0x86, 0xdd, 0x86, 0xdd, 0x86, 0xdd, 0x8e, 0x00, 0x00,
    0x00, 0x00, 0x00, 0x00, 0x00, 0x00, 0x00, 0x00, 0x00, 0x00, 0x00, 0x00, 0xdd, 0x86, 0xdd, 0x86,
    0xdd, 0x86, 0xdd, 0x86, 0xdd, 0x86, 0xbd, 0x86, 0xff, 0x7e, 0x00, 0x00, 0x00, 0x00, 0x00, 0x00,
    0x00, 0x00, 0x00, 0x00, 0x00, 0x00, 0xbe, 0x7e, 0xdd, 0x86, 0xdd, 0x86, 0xbd, 0x86, 0xbd, 0x86,
    0xbd, 0x86, 0xbd, 0x86, 0xdd, 0x86, 0xdd, 0x86, 0xdd, 0x86, 0x00, 0x00, 0x00, 0x00, 0x00, 0x00,
    0x00, 0x00, 0x00, 0x00, 0x00, 0x00, 0x00, 0x00, 0x00, 0x00, 0xbd, 0x8e, 0xbd, 0x86, 0xbd, 0x86,
    0xbd, 0x8e, 0x00, 0x00, 0x00, 0x00, 0x00, 0x00, 0x00, 0x00, 0x00, 0x00, 0x00, 0x00, 0x00, 0x00,
    0x00, 0x00, 0x00, 0x00, 0xdd, 0x86, 0xdd, 0x86, 0xbd, 0x86, 0xbd, 0x86, 0xbd, 0x86, 0xbd, 0x86,
    0xdd, 0x86, 0xdd, 0x86, 0xdd, 0x8e, 0x00, 0x00, 0x00, 0x00, 0x00, 0x00, 0x00, 0x00, 0x00, 0x00,
    0x00, 0x00, 0x00, 0x00, 0x00, 0x00, 0x00, 0x00, 0x00, 0x00, 0x00, 0x00, 0x00, 0x00, 0x00, 0x00,
    0x00, 0x00, 0x00, 0x00, 0x00, 0x00, 0x00, 0x00, 0x00, 0x00, 0x00, 0x00, 0x00, 0x00, 0x00, 0x00,
    0xdd, 0x86, 0xbd, 0x86, 0xdd, 0x86, 0xbd, 0x86, 0xdd, 0x86, 0xdd, 0x86, 0xdd, 0x86, 0xbd, 0x86,
    0x00, 0x00, 0x00, 0x00, 0x00, 0x00, 0x00, 0x00, 0x00, 0x00, 0x00, 0x00, 0x00, 0x00, 0x00, 0x00,
    0x00, 0x00, 0x00, 0x00, 0x00, 0x00, 0x00, 0x00, 0x00, 0x00, 0x00, 0x00, 0x00, 0x00, 0x00, 0x00,
    0x00, 0x00, 0x00, 0x00, 0x00, 0x00, 0x00, 0x00, 0x00, 0x00, 0x00, 0x00, 0x00, 0x00, 0xbd, 0x8e,
    0xbd, 0x86, 0xdd, 0x86, 0xdd, 0x86, 0xdd, 0x86, 0xbd, 0x86, 0x00, 0x00, 0x00, 0x00, 0x00, 0x00,
    0x00, 0x00, 0x00, 0x00, 0x00, 0x00, 0x00, 0x00, 0x00, 0x00, 0x00, 0x00, 0x00, 0x00, 0x00, 0x00,
    0x00, 0x00, 0x00, 0x00, 0x00, 0x00, 0x00, 0x00, 0x00, 0x00, 0x00, 0x00, 0x00, 0x00, 0x00, 0x00,
    0x00, 0x00, 0x00, 0x00, 0x00, 0x00, 0x00, 0x00, 0x00, 0x00, 0x00, 0x00, 0x00, 0x00, 0xbd, 0x86,
    0xbe, 0x86, 0xff, 0x57, 0x00, 0x00, 0x00, 0x00, 0x00, 0x00, 0x00, 0x00, 0x00, 0x00, 0x00, 0x00,
    0x00, 0x00, 0x00, 0x00, 0x00, 0x00, 0x00, 0x00, 0x00, 0x00, 0x00, 0x00, 0x00, 0x00, 0x00, 0x00,
    0x00, 0x00, 0x00, 0x00, 0x00, 0x00, 0x00, 0x00, 0x00, 0x00, 0x00, 0x00, 0x00, 0x00, 0x00, 0x00,
    0x00, 0x00, 0x00, 0x00, 0x00, 0x00, 0x00, 0x00, 0x00, 0x00, 0x00, 0x00, 0x00, 0x00, 0x00, 0x00,
    0x00, 0x00, 0x00, 0x00, 0x00, 0x00, 0x00, 0x00, 0x00, 0x00, 0x00, 0x00, 0x00, 0x00, 0x00, 0x00,
    0x00, 0x00, 0x00, 0x00, 0x00, 0x00, 0x00, 0x00, 0x00, 0x00, 0x00, 0x00, 0x00, 0x00, 0x00, 0x00,
    0x00, 0x00, 0x00, 0x00, 0x00, 0x00, 0x00, 0x00, 0x00, 0x00, 0x00, 0x00, 0x00, 0x00, 0x00, 0x00,
    0x00, 0x00, 0x00, 0x00, 0x00, 0x00, 0x00, 0x00, 0x00, 0x00, 0x00, 0x00, 0x00, 0x00, 0x00, 0x00,
    0x00, 0x00, 0x00, 0x00, 0x00, 0x00, 0x00, 0x00, 0x00, 0x00, 0x00, 0x00, 0x00, 0x00, 0x00, 0x00,
    0x00, 0x00, 0x00, 0x00, 0x00, 0x00, 0x00, 0x00, 0x00, 0x00, 0x00, 0x00, 0x00, 0x00, 0x00, 0x00,
    0x00, 0x00, 0x00, 0x00, 0x00, 0x00, 0x00, 0x00, 0x00, 0x00, 0x00, 0x00, 0x00, 0x00, 0x00, 0x00,
    0x00, 0x00, 0x00, 0x00, 0x00, 0x00, 0x00, 0x00, 0x00, 0x00, 0x00, 0x00, 0x00, 0x00, 0x00, 0x00,
    0x00, 0x00, 0x00, 0x00, 0x00, 0x00, 0x00, 0x00, 0x00, 0x00, 0x00, 0x00, 0x00, 0x00, 0x00, 0x00,
    0x00, 0x00, 0x00, 0x00, 0x00, 0x00, 0x00, 0x00, 0x00, 0x00, 0x00, 0x00, 0x00, 0x01, 0x12, 0x00,
    0x00, 0x00, 0x00, 0x00, 0x00, 0x00, 0x00, 0x00, 0x00, 0x00, 0x00, 0x00, 0x00, 0x00, 0x00, 0x00,
    0x00, 0x00, 0x00, 0x00, 0x00, 0x00, 0x00, 0x01, 0x2f, 0x6f, 0xae, 0xec, 0xfc, 0x32, 0x00, 0x00,
    0x00, 0x00, 0x00, 0x00, 0x00, 0x00, 0x00, 0x00, 0x00, 0x00, 0x00, 0x00, 0x00, 0x00, 0x00, 0x00,
    0x00, 0x01, 0x2f, 0x6f, 0xae, 0xec, 0xff, 0xff, 0xff, 0xff, 0xff, 0x4f, 0x00, 0x00, 0x00, 0x00,
    0x00, 0x00, 0x00, 0x00, 0x00, 0x00, 0x00, 0x00, 0x00, 0x00, 0x00, 0x01, 0x2f, 0x6f, 0xae, 0xec,
    0xff, 0xff, 0xff, 0xf7, 0xbf, 0x7f, 0x3f, 0x97, 0xff, 0x4f, 0x00, 0x00, 0x00, 0x00, 0x00, 0x00,
    0x00, 0x00, 0x00, 0x00, 0x00, 0x00, 0x0f, 0x6e, 0xae, 0xec, 0xff, 0xff, 0xff, 0xf7, 0xbf, 0x7f,
    0x3f, 0x08, 0x00, 0x00, 0x00, 0x8f, 0xff, 0x4f, 0x00, 0x00, 0x00, 0x00, 0x00, 0x00, 0x00, 0x00,
    0x00, 0x00, 0x00, 0x00, 0x85, 0xff, 0xff, 0xf7, 0xbf, 0x7f, 0x3f, 0x08, 0x00, 0x00, 0x00, 0x00,
    0x00, 0x00, 0x00, 0x8f, 0xff, 0x4f, 0x00, 0x00, 0x00, 0x00, 0x00, 0x00, 0x00, 0x00, 0x00, 0x00,
    0x00, 0x00, 0x8f, 0xff, 0x74, 0x08, 0x00, 0x00, 0x00, 0x00, 0x00, 0x00, 0x00, 0x00, 0x00, 0x00,
    0x11, 0xaa, 0xff, 0x4f, 0x00, 0x00, 0x00, 0x00, 0x00, 0x00, 0x00, 0x00, 0x00, 0x00, 0x00, 0x00,
    0x8f, 0xff, 0x4f, 0x00, 0x00, 0x00, 0x00, 0x00, 0x00, 0x00, 0x11, 0x4e, 0x8e, 0xce, 0xfc, 0xff,
    0xff, 0x4f, 0x00, 0x00, 0x00, 0x00, 0x00, 0x00, 0x00, 0x00, 0x00, 0x00, 0x00, 0x00, 0x8f, 0xff,
    0x4f, 0x00, 0x00, 0x00, 0x11, 0x4e, 0x8e, 0xce, 0xfc, 0xff, 0xff, 0xff, 0xdf, 0xdd, 0xff, 0x4f,
    0x00, 0x00, 0x00, 0x00, 0x00, 0x00, 0x00, 0x00, 0x00, 0x00, 0x00, 0x00, 0x8f, 0xff, 0x60, 0x4e,
    0x8e, 0xce, 0xfc, 0xff, 0xff, 0xff, 0xdf, 0x9f, 0x5f, 0x20, 0x00, 0x8f, 0xff, 0x4f, 0x00, 0x00,
    0x00, 0x00, 0x00, 0x00, 0x00, 0x00, 0x00, 0x00, 0x00, 0x00, 0x8f, 0xff, 0xff, 0xff, 0xff, 0xff,
    0xdf, 0x9f, 0x5f, 0x20, 0x00, 0x00, 0x00, 0x00, 0x00, 0x8f, 0xff, 0x4f, 0x00, 0x00, 0x00, 0x00,
    0x00, 0x00, 0x00, 0x00, 0x00, 0x00, 0x00, 0x00, 0x8f, 0xff, 0xe2, 0x9f, 0x5f, 0x20, 0x00, 0x00,
    0x00, 0x00, 0x00, 0x00, 0x00, 0x00, 0x00, 0x8f, 0xff, 0x4f, 0x00, 0x00, 0x00, 0x00, 0x00, 0x00,
    0x00, 0x00, 0x00, 0x00, 0x00, 0x00, 0x8f, 0xff, 0x4f, 0x00, 0x00, 0x00, 0x00, 0x00, 0x00, 0x00,
    0x00, 0x00, 0x00, 0x00, 0x00, 0x8f, 0xff, 0x4f, 0x00, 0x00, 0x00, 0x00, 0x00, 0x00, 0x00, 0x00,
    0x00, 0x00, 0x00, 0x00, 0x8f, 0xff, 0x4f, 0x00, 0x00, 0x00, 0x00, 0x00, 0x00, 0x00, 0x00, 0x00,
    0x00, 0x00, 0x00, 0x8f, 0xff, 0x4f, 0x00, 0x00, 0x00, 0x00, 0x00, 0x00, 0x00, 0x00, 0x00, 0x00,
    0x00, 0x00, 0x8f, 0xff, 0x4f, 0x00, 0x00, 0x00, 0x00, 0x00, 0x00, 0x00, 0x24, 0xa8, 0xef, 0xf4,
    0xbb, 0xbd, 0xff, 0x4f, 0x00, 0x00, 0x00, 0x00, 0x00, 0x00, 0x00, 0x00, 0x00, 0x00, 0x00, 0x00,
    0x8f, 0xff, 0x4f, 0x00, 0x00, 0x00, 0x00, 0x00, 0x00, 0x29, 0xed, 0xff, 0xf5, 0xf0, 0xff, 0xff,
    0xff, 0x4f, 0x00, 0x00, 0x00, 0x00, 0x00, 0x00, 0x00, 0x00, 0x00, 0x00, 0x00, 0x00, 0x8f, 0xff,
    0x4f, 0x00, 0x00, 0x00, 0x00, 0x00, 0x00, 0xbb, 0xff, 0xa3, 0x38, 0x34, 0x82, 0xfd, 0xff, 0x4f,
    0x00, 0x00, 0x00, 0x00, 0x00, 0x00, 0x00, 0x00, 0x03, 0x30, 0x35, 0x09, 0x8f, 0xff, 0x4f, 0x00,
    0x00, 0x00, 0x00, 0x00, 0x0c, 0xfc, 0xe6, 0x34, 0x33, 0x33, 0x33, 0xc2, 0xff, 0x4f, 0x00, 0x00,
    0x00, 0x00, 0x00, 0x00, 0x00, 0x54, 0xe5, 0xff, 0xff, 0xf2, 0xd9, 0xff, 0x4f, 0x00, 0x00, 0x00,
    0x00, 0x00, 0x19, 0xff, 0xd4, 0x33, 0x33, 0x33, 0x33, 0xae, 0xff, 0x49, 0x00, 0x00, 0x00, 0x00,
    0x00, 0x00, 0x4d, 0xfd, 0xfd, 0xc7, 0xbe, 0xf7, 0xff, 0xff, 0x4f, 0x00, 0x00, 0x00, 0x00, 0x00,
    0x01, 0xe5, 0xfb, 0x58, 0x33, 0x33, 0x42, 0xeb, 0xfc, 0x1a, 0x00, 0x00, 0x00, 0x00, 0x00, 0x00,
    0xd5, 0xfe, 0x73, 0x33, 0x33, 0x56, 0xf5, 0xff, 0x4f, 0x00, 0x00, 0x00, 0x00, 0x00, 0x00, 0x6d,
    0xff, 0xf2, 0xa1, 0x98, 0xe5, 0xff, 0x9d, 0x00, 0x00, 0x00, 0x00, 0x00, 0x00, 0x14, 0xff, 0xda,
    0x33, 0x33, 0x33, 0x33, 0xb4, 0xff, 0x4f, 0x00, 0x00, 0x00, 0x00, 0x00, 0x00, 0x00, 0x83, 0xfa,
    0xff, 0xff, 0xfe, 0xa7, 0x08, 0x00, 0x00, 0x00, 0x00, 0x00, 0x00, 0x12, 0xfe, 0xdd, 0x33, 0x33,
    0x33, 0x33, 0xb7, 0xff, 0x42, 0x00, 0x00, 0x00, 0x00, 0x00, 0x00, 0x00, 0x00, 0x1e, 0x60, 0x65,
    0x2d, 0x00, 0x00, 0x00, 0x00, 0x00, 0x00, 0x00, 0x00, 0x00, 0xd0, 0xff, 0x7f, 0x33, 0x33, 0x5f,
    0xf8, 0xf2, 0x0d, 0x00, 0x00, 0x00, 0x00, 0x00, 0x00, 0x00, 0x00, 0x00, 0x00, 0x00, 0x00, 0x00,
    0x00, 0x00, 0x00, 0x00, 0x00, 0x00, 0x00, 0x00, 0x43, 0xfb, 0xfe, 0xd4, 0xcb, 0xfb, 0xff, 0x70,
    0x00, 0x00, 0x00, 0x00, 0x00, 0x00, 0x00, 0x00, 0x00, 0x00, 0x00, 0x00, 0x00, 0x00, 0x00, 0x00,
    0x00, 0x00, 0x00, 0x00, 0x00, 0x00, 0x00, 0x47, 0xd9, 0xff, 0xff, 0xe8, 0x67, 0x00, 0x00, 0x00,
    0x00, 0x00, 0x00, 0x00, 0x00, 0x00, 0x00, 0x00, 0x00, 0x00, 0x00, 0x00, 0x00, 0x00, 0x00, 0x00,
    0x00, 0x00, 0x00, 0x00, 0x00, 0x00, 0x00, 0x20, 0x25, 0x03, 0x00, 0x00, 0x00, 0x00, 0x00, 0x00,
    0x00, 0x00, 0x00, 0x00, 0x00, 0x00, 0x00, 0x00, 0x00, 0x00, 0x00, 0x00, 0x00, 0x00, 0x00, 0x00,
    0x00, 0x00, 0x00, 0x00, 0x00, 0x00, 0x00, 0x00, 0x00, 0x00, 0x00, 0x00, 0x00, 0x00, 0x00, 0x00,
    0x00, 0x00, 0x00, 0x00, 0x00, 0x00, 0x00, 0x00, 0x00, 0x00, 0x00, 0x00, 0x00, 0x00, 0x00, 0x00,
    0x00, 0x00, 0x00, 0x00, 0x00, 0x00, 0x00, 0x00, 0x00, 0x00, 0x00, 0x00, 0x00, 0x00, 0x00, 0x00,
    0x00, 0x00, 0x00, 0x00, 0x00, 0x00, 0x00, 0x00, 0x00, 0x00, 0x00, 0x00,
};

const lv_image_dsc_t app_icon_music = {
    .header.magic = LV_IMAGE_HEADER_MAGIC,
    .header.cf = LV_COLOR_FORMAT_RGB565A8,
    .header.w = 30,
    .header.h = 30,
    .data_size = sizeof(app_icon_music_map),
    .data = app_icon_music_map,
};

static const uint8_t app_icon_timer_map[] = {
    0x00, 0x00, 0x00, 0x00, 0x00, 0x00, 0x00, 0x00, 0x00, 0x00, 0x00, 0x00, 0x00, 0x00, 0x00, 0x00,
    0x00, 0x00, 0x00, 0x00, 0x00, 0x00, 0x00, 0x00, 0x00, 0x00, 0x00, 0x00, 0x00, 0x00, 0x00, 0x00,
    0x00, 0x00, 0x00, 0x00, 0x00, 0x00, 0x00, 0x00, 0x00, 0x00, 0x00, 0x00, 0x00, 0x00, 0x00, 0x00,
    0x00, 0x00, 0x00, 0x00, 0x00, 0x00, 0x00, 0x00, 0x00, 0x00, 0x00, 0x00, 0x00, 0x00, 0x00, 0x00,
    0x00, 0x00, 0x00, 0x00, 0x00, 0x00, 0x00, 0x00, 0x00, 0x00, 0x00, 0x00, 0x00, 0x00, 0x00, 0x00,
    0x00, 0x00, 0x00, 0x00, 0x00, 0x00, 0x00, 0x00, 0x00, 0x00, 0x00, 0x00, 0x00, 0x00, 0x00, 0x00,
    0x00, 0x00, 0x00, 0x00, 0x00, 0x00, 0x00, 0x00, 0x00, 0x00, 0x00, 0x00, 0x00, 0x00, 0x00, 0x00,
    0x00, 0x00, 0x00, 0x00, 0x00, 0x00, 0x00, 0x00, 0x00, 0x00, 0x00, 0x00, 0x00, 0x00, 0x00, 0x00,
    0x00, 0x00, 0x00, 0x00, 0x00, 0x00, 0xb0, 0xfe, 0x2e, 0xfe, 0x4e, 0xfe, 0x4e, 0xfe, 0x4e, 0xfe,
    0x4e, 0xfe, 0x4e, 0xfe, 0x4e, 0xfe, 0x4e, 0xfe, 0x4e, 0xfe, 0x4e, 0xfe, 0x4e, 0xfe, 0x4e, 0xfe,
    0x4e, 0xfe, 0x2e, 0xfe, 0xb0, 0xfe, 0x00, 0x00, 0x00, 0x00, 0x00, 0x00, 0x00, 0x00, 0x00, 0x00,
    0x00, 0x00, 0x00, 0x00, 0x00, 0x00, 0x00, 0x00, 0x00, 0x00, 0x00, 0x00, 0x00, 0x00, 0x00, 0x00,
    0x6f, 0xfe, 0x4f, 0xfe, 0x4f, 0xfe, 0x4f, 0xfe, 0x4f, 0xfe, 0x4f, 0xfe, 0x4f, 0xfe, 0x4f, 0xfe,
    0x4f, 0xfe, 0x4f, 0xfe, 0x4f, 0xfe, 0x4f, 0xfe, 0x4f, 0xfe, 0x4f, 0xfe, 0x4f, 0xfe, 0x4f, 0xfe,
    0x4f, 0xfe, 0x6f, 0xfe, 0x00, 0x00, 0x00, 0x00, 0x00, 0x00, 0x00, 0x00, 0x00, 0x00, 0x00, 0x00,
    0x00, 0x00, 0x00, 0x00, 0x00, 0x00, 0x00, 0x00, 0x00, 0x00, 0x00, 0x00, 0x4f, 0xfe, 0x4f, 0xfe,
    0x4e, 0xfe, 0x4e, 0xfe, 0x4e, 0xfe, 0x4e, 0xfe, 0x4e, 0xfe, 0x4e, 0xfe, 0x4e, 0xfe, 0x4e, 0xfe,
    0x4e, 0xfe, 0x4e, 0xfe, 0x4e, 0xfe, 0x4e, 0xfe, 0x4e, 0xfe, 0x4e, 0xfe, 0x4f, 0xfe, 0x4f, 0xfe,
    0x00, 0x00, 0x00, 0x00, 0x00, 0x00, 0x00, 0x00, 0x00, 0x00, 0x00, 0x00, 0x00, 0x00, 0x00, 0x00,
    0x00, 0x00, 0x00, 0x00, 0x00, 0x00, 0x00, 0x00, 0x4e, 0xfe, 0x4f, 0xfe, 0x4e, 0xfe, 0x00, 0x00,
    0x00, 0x00, 0x00, 0x00, 0x00, 0x00, 0x00, 0x00, 0x00, 0x00, 0x00, 0x00, 0x00, 0x00, 0x00, 0x00,
    0x00, 0x00, 0x00, 0x00, 0x00, 0x00, 0x4e, 0xfe, 0x4f, 0xfe, 0x4e, 0xfe, 0x00, 0x00, 0x00, 0x00,
    0x00, 0x00, 0x00, 0x00, 0x00, 0x00, 0x00, 0x00, 0x00, 0x00, 0x00, 0x00, 0x00, 0x00, 0x00, 0x00,
    0x00, 0x00, 0x00, 0x00, 0x4e, 0xfe, 0x4f, 0xfe, 0x4e, 0xfe, 0x00, 0x00, 0x00, 0x00, 0x00, 0x00,
    0x00, 0x00, 0x00, 0x00, 0x00, 0x00, 0x00, 0x00, 0x00, 0x00, 0x00, 0x00, 0x00, 0x00, 0x00, 0x00,
    0x00, 0x00, 0x4e, 0xfe, 0x4f, 0xfe, 0x4e, 0xfe, 0x00, 0x00, 0x00, 0x00, 0x00, 0x00, 0x00, 0x00,
    0x00, 0x00, 0x00, 0x00, 0x00, 0x00, 0x00, 0x00, 0x00, 0x00, 0x00, 0x00, 0x00, 0x00, 0x00, 0x00,
    0x4e, 0xfe, 0x4f, 0xfe, 0x4e, 0xfe, 0x00, 0x00, 0x00, 0x00, 0x00, 0x00, 0x00, 0x00, 0x00, 0x00,
    0x00, 0x00, 0x00, 0x00, 0x00, 0x00, 0x00, 0x00, 0x00, 0x00, 0x00, 0x00, 0x00, 0x00, 0x4e, 0xfe,
    0x4f, 0xfe, 0x4e, 0xfe, 0x00, 0x00, 0x00, 0x00, 0x00, 0x00, 0x00, 0x00, 0x00, 0x00, 0x00, 0x00,
    0x00, 0x00, 0x00, 0x00, 0x00, 0x00, 0x00, 0x00, 0x00, 0x00, 0x00, 0x00, 0x4e, 0xfe, 0x4f, 0xfe,
    0x4f, 0xfe, 0x00, 0x00, 0x00, 0x00, 0x00, 0x00, 0x00, 0x00, 0x00, 0x00, 0x00, 0x00, 0x00, 0x00,
    0x00, 0x00, 0x00, 0x00, 0x00, 0x00, 0x00, 0x00, 0x00, 0x00, 0x6f, 0xfe, 0x4f, 0xfe, 0x4e, 0xfe,
    0x00, 0x00, 0x00, 0x00, 0x00, 0x00, 0x00, 0x00, 0x00, 0x00, 0x00, 0x00, 0x00, 0x00, 0x00, 0x00,
    0x00, 0x00, 0x00, 0x00, 0x00, 0x00, 0x00, 0x00, 0x4e, 0xfe, 0x4f, 0xfe, 0x4f, 0xfe, 0x4f, 0xfe,
    0x4f, 0xfe, 0x4f, 0xfe, 0x4f, 0xfe, 0x4f, 0xfe, 0x4f, 0xfe, 0x4f, 0xfe, 0x4f, 0xfe, 0x4f, 0xfe,
    0x4f, 0xfe, 0x4f, 0xfe, 0x4f, 0xfe, 0x4f, 0xfe, 0x4f, 0xfe, 0x4e, 0xfe, 0x00, 0x00, 0x00, 0x00,
    0x00, 0x00, 0x00, 0x00, 0x00, 0x00, 0x00, 0x00, 0x00, 0x00, 0x00, 0x00, 0x00, 0x00, 0x00, 0x00,
    0x00, 0x00, 0x00, 0x00, 0x00, 0xf8, 0x4e, 0xfe, 0x4e, 0xfe, 0x4f, 0xfe, 0x4f, 0xfe, 0x4f, 0xfe,
    0x4f, 0xfe, 0x4f, 0xfe, 0x4f, 0xfe, 0x4f, 0xfe, 0x4f, 0xfe, 0x4f, 0xfe, 0x4f, 0xfe, 0x4f, 0xfe,
    0x4f, 0xfe, 0x4e, 0xfe, 0x4e, 0xfe, 0x00, 0x00, 0x00, 0x00, 0x00, 0x00, 0x00, 0x00, 0x00, 0x00,
    0x00, 0x00, 0x00, 0x00, 0x00, 0x00, 0x00, 0x00, 0x00, 0x00, 0x00, 0x00, 0x00, 0x00, 0x00, 0x00,
    0x00, 0x00, 0x00, 0x00, 0x4f, 0xfe, 0x4f, 0xfe, 0x4f, 0xfe, 0x4f, 0xfe, 0x4e, 0xfe, 0x4f, 0xfe,
    0x4f, 0xfe, 0x4f, 0xfe, 0x4f, 0xfe, 0x4f, 0xfe, 0x4f, 0xfe, 0x4f, 0xfe, 0x4e, 0xfe, 0x4e, 0xfe,
    0x00, 0x00, 0x00, 0x00, 0x00, 0x00, 0x00, 0x00, 0x00, 0x00, 0x00, 0x00, 0x00, 0x00, 0x00, 0x00,
    0x00, 0x00, 0x00, 0x00, 0x00, 0x00, 0x00, 0x00, 0x00, 0x00, 0x00, 0x00, 0x00, 0x00, 0x00, 0x00,
    0x00, 0x00, 0x6e, 0xfe, 0x4f, 0xfe, 0x4f, 0xfe, 0x4f, 0xfe, 0x4e, 0xfe, 0x4f, 0xfe, 0x4f, 0xfe,
    0x4e, 0xfe, 0x4f, 0xfe, 0x4f, 0xfe, 0x4e, 0xfe, 0x2e, 0xfe, 0x00, 0x00, 0x00, 0x00, 0x00, 0x00,
    0x00, 0x00, 0x00, 0x00, 0x00, 0x00, 0x00, 0x00, 0x00, 0x00, 0x00, 0x00, 0x00, 0x00, 0x00, 0x00,
    0x00, 0x00, 0x00, 0x00, 0x00, 0x00, 0x00, 0x00, 0x00, 0x00, 0x00, 0x00, 0x00, 0x00, 0x00, 0x00,
    0xcc, 0xfc, 0x4e, 0xfe, 0x4e, 0xfe, 0x4e, 0xfe, 0x4f, 0xfe, 0x4e, 0xfe, 0x4e, 0xfe, 0x4f, 0xfe,
    0x4f, 0xfe, 0xea, 0xff, 0x00, 0x00, 0x00, 0x00, 0x00, 0x00, 0x00, 0x00, 0x00, 0x00, 0x00, 0x00,
    0x00, 0x00, 0x00, 0x00, 0x00, 0x00, 0x00, 0x00, 0x00, 0x00, 0x00, 0x00, 0x00, 0x00, 0x00, 0x00,
    0x00, 0x00, 0x00, 0x00, 0x00, 0x00, 0x00, 0x00, 0x00, 0x00, 0x00, 0x00, 0x00, 0x00, 0x00, 0x00,
    0x4f, 0xfe, 0x4f, 0xfe, 0x4f, 0xfe, 0x4f, 0xfe, 0x4f, 0xfe, 0x4e, 0xfe, 0x00, 0x00, 0x00, 0x00,
    0x00, 0x00, 0x00, 0x00, 0x00, 0x00, 0x00, 0x00, 0x00, 0x00, 0x00, 0x00, 0x00, 0x00, 0x00, 0x00,
    0x00, 0x00, 0x00, 0x00, 0x00, 0x00, 0x00, 0x00, 0x00, 0x00, 0x00, 0x00, 0x00, 0x00, 0x00, 0x00,
    0x00, 0x00, 0x00, 0x00, 0x00, 0x00, 0x00, 0x00, 0x00, 0x00, 0x00, 0x00, 0x4e, 0xfe, 0x4f, 0xfe,
    0x4f, 0xfe, 0x4f, 0xfe, 0x4f, 0xfe, 0x4f, 0xfe, 0x00, 0x00, 0x00, 0x00, 0x00, 0x00, 0x00, 0x00,
    0x00, 0x00, 0x00, 0x00, 0x00, 0x00, 0x00, 0x00, 0x00, 0x00, 0x00, 0x00, 0x00, 0x00, 0x00, 0x00,
    0x00, 0x00, 0x00, 0x00, 0x00, 0x00, 0x00, 0x00, 0x00, 0x00, 0x00, 0x00, 0x00, 0x00, 0x00, 0x00,
    0x00, 0x00, 0x00, 0x00, 0x6c, 0xfe, 0x4e, 0xfe, 0x4e, 0xfe, 0x4e, 0xfe, 0x4f, 0xfe, 0x4f, 0xfe,
    0x4e, 0xfe, 0x4f, 0xfe, 0x4e, 0xfe, 0xea, 0xff, 0x00, 0x00, 0x00, 0x00, 0x00, 0x00, 0x00, 0x00,
    0x00, 0x00, 0x00, 0x00, 0x00, 0x00, 0x00, 0x00, 0x00, 0x00, 0x00, 0x00, 0x00, 0x00, 0x00, 0x00,
    0x00, 0x00, 0x00, 0x00, 0x00, 0x00, 0x00, 0x00, 0x00, 0x00, 0x00, 0x00, 0x00, 0x00, 0x6e, 0xfe,
    0x4f, 0xfe, 0x4f, 0xfe, 0x4f, 0xfe, 0x4f, 0xfe, 0x4e, 0xfe, 0x4e, 0xfe, 0x4e, 0xfe, 0x4f, 0xfe,
    0x4f, 0xfe, 0x4f, 0xfe, 0x6e, 0xfe, 0x00, 0x00, 0x00, 0x00, 0x00, 0x00, 0x00, 0x00, 0x00, 0x00,
    0x00, 0x00, 0x00, 0x00, 0x00, 0x00, 0x00, 0x00, 0x00, 0x00, 0x00, 0x00, 0x00, 0x00, 0x00, 0x00,
    0x00, 0x00, 0x00, 0x00, 0x00, 0x00, 0x00, 0x00, 0x4e, 0xfe, 0x4f, 0xfe, 0x4f, 0xfe, 0x4f, 0xfe,
    0x0e, 0xfe, 0x00, 0x00, 0x4e, 0xfe, 0x4e, 0xfe, 0x00, 0x00, 0x4e, 0xfe, 0x4f, 0xfe, 0x4f, 0xfe,
    0x4e, 0xfe, 0x4e, 0xfe, 0x00, 0x00, 0x00, 0x00, 0x00, 0x00, 0x00, 0x00, 0x00, 0x00, 0x00, 0x00,
    0x00, 0x00, 0x00, 0x00, 0x00, 0x00, 0x00, 0x00, 0x00, 0x00, 0x00, 0x00, 0x00, 0x00, 0x00, 0x00,
    0x00, 0xf8, 0x4e, 0xfe, 0x4e, 0xfe, 0x4e, 0xfe, 0x4e, 0xfe, 0xef, 0xfd, 0x00, 0x00, 0x00, 0x00,
    0x4f, 0xfe, 0x4f, 0xfe, 0x00, 0x00, 0x00, 0x00, 0xb0, 0xfe, 0x4f, 0xfe, 0x4e, 0xfe, 0x4e, 0xfe,
    0x4e, 0xfe, 0x00, 0x00, 0x00, 0x00, 0x00, 0x00, 0x00, 0x00, 0x00, 0x00, 0x00, 0x00, 0x00, 0x00,
    0x00, 0x00, 0x00, 0x00, 0x00, 0x00, 0x00, 0x00, 0x00, 0x00, 0x00, 0x00, 0x4e, 0xfe, 0x4f, 0xfe,
    0x4f, 0xfe, 0x4f, 0xfe, 0x00, 0x00, 0x00, 0x00, 0x00, 0x00, 0x00, 0x00, 0x4e, 0xfe, 0x4e, 0xfe,
    0x00, 0x00, 0x00, 0x00, 0x00, 0x00, 0x00, 0x00, 0x4f, 0xfe, 0x4f, 0xfe, 0x4f, 0xfe, 0x4e, 0xfe,
    0x00, 0x00, 0x00, 0x00, 0x00, 0x00, 0x00, 0x00, 0x00, 0x00, 0x00, 0x00, 0x00, 0x00, 0x00, 0x00,
    0x00, 0x00, 0x00, 0x00, 0x00, 0x00, 0x00, 0x00, 0x4e, 0xfe, 0x4f, 0xfe, 0x4f, 0xfe, 0x00, 0x00,
    0x00, 0x00, 0x00, 0x00, 0x00, 0x00, 0x00, 0x00, 0x00, 0x00, 0x00, 0x00, 0x00, 0x00, 0x00, 0x00,
    0x00, 0x00, 0x00, 0x00, 0x00, 0x00, 0x4f, 0xfe, 0x4f, 0xfe, 0x4e, 0xfe, 0x00, 0x00, 0x00, 0x00,
    0x00, 0x00, 0x00, 0x00, 0x00, 0x00, 0x00, 0x00, 0x00, 0x00, 0x00, 0x00, 0x00, 0x00, 0x00, 0x00,
    0x00, 0x00, 0x00, 0x00, 0x4e, 0xfe, 0x4f, 0xfe, 0x4e, 0xfe, 0x00, 0x00, 0x00, 0x00, 0x00, 0x00,
    0x00, 0x00, 0x00, 0x00, 0x00, 0x00, 0x00, 0x00, 0x00, 0x00, 0x00, 0x00, 0x00, 0x00, 0x00, 0x00,
    0x00, 0x00, 0x4e, 0xfe, 0x4f, 0xfe, 0x4e, 0xfe, 0x00, 0x00, 0x00, 0x00, 0x00, 0x00, 0x00, 0x00,
    0x00, 0x00, 0x00, 0x00, 0x00, 0x00, 0x00, 0x00, 0x00, 0x00, 0x00, 0x00, 0x00, 0x00, 0x00, 0x00,
    0x4e, 0xfe, 0x4f, 0xfe, 0x4e, 0xfe, 0x00, 0x00, 0x00, 0x00, 0x00, 0x00, 0x00, 0x00, 0x00, 0x00,
    0x00, 0x00, 0x00, 0x00, 0x00, 0x00, 0x00, 0x00, 0x00, 0x00, 0x00, 0x00, 0x00, 0x00, 0x4e, 0xfe,
    0x4f, 0xfe, 0x4e, 0xfe, 0x00, 0x00, 0x00, 0x00, 0x00, 0x00, 0x00, 0x00, 0x00, 0x00, 0x00, 0x00,
    0x00, 0x00, 0x00, 0x00, 0x00, 0x00, 0x00, 0x00, 0x00, 0x00, 0x00, 0x00, 0x4e, 0xfe, 0x4f, 0xfe,
    0x4e, 0xfe, 0x00, 0x00, 0x00, 0x00, 0x00, 0x00, 0x00, 0x00, 0x00, 0x00, 0x00, 0x00, 0x00, 0x00,
    0x00, 0x00, 0x00, 0x00, 0x00, 0x00, 0x00, 0x00, 0x00, 0x00, 0x4e, 0xfe, 0x4f, 0xfe, 0x4e, 0xfe,
    0x00, 0x00, 0x00, 0x00, 0x00, 0x00, 0x00, 0x00, 0x00, 0x00, 0x00, 0x00, 0x00, 0x00, 0x00, 0x00,
    0x00, 0x00, 0x00, 0x00, 0x00, 0x00, 0x00, 0x00, 0x4f, 0xfe, 0x4f, 0xfe, 0x4e, 0xfe, 0x4e, 0xfe,
    0x4e, 0xfe, 0x4e, 0xfe, 0x4e, 0xfe, 0x4e, 0xfe, 0x4e, 0xfe, 0x4e, 0xfe, 0x4e, 0xfe, 0x4e, 0xfe,
    0x4e, 0xfe, 0x4e, 0xfe, 0x4e, 0xfe, 0x4e, 0xfe, 0x4f, 0xfe, 0x4f, 0xfe, 0x00, 0x00, 0x00, 0x00,
    0x00, 0x00, 0x00, 0x00, 0x00, 0x00, 0x00, 0x00, 0x00, 0x00, 0x00, 0x00, 0x00, 0x00, 0x00, 0x00,
    0x00, 0x00, 0x00, 0x00, 0x6f, 0xfe, 0x4f, 0xfe, 0x4f, 0xfe, 0x4f, 0xfe, 0x4f, 0xfe, 0x4f, 0xfe,
    0x4f, 0xfe, 0x4f, 0xfe, 0x4f, 0xfe, 0x4f, 0xfe, 0x4f, 0xfe, 0x4f, 0xfe, 0x4f, 0xfe, 0x4f, 0xfe,
    0x4f, 0xfe, 0x4f, 0xfe, 0x4f, 0xfe, 0x6f, 0xfe, 0x00, 0x00, 0x00, 0x00, 0x00, 0x00, 0x00, 0x00,
    0x00, 0x00, 0x00, 0x00, 0x00, 0x00, 0x00, 0x00, 0x00, 0x00, 0x00, 0x00, 0x00, 0x00, 0x00, 0x00,
    0x00, 0x00, 0xb0, 0xfe, 0x2e, 0xfe, 0x4e, 0xfe, 0x4e, 0xfe, 0x4e, 0xfe, 0x4e, 0xfe, 0x4e, 0xfe,
    0x4e, 0xfe, 0x4e, 0xfe, 0x4e, 0xfe, 0x4e, 0xfe, 0x4e, 0xfe, 0x4e, 0xfe, 0x4e, 0xfe, 0x2e, 0xfe,
    0xb0, 0xfe, 0x00, 0x00, 0x00, 0x00, 0x00, 0x00, 0x00, 0x00, 0x00, 0x00, 0x00, 0x00, 0x00, 0x00,
    0x00, 0x00, 0x00, 0x00, 0x00, 0x00, 0x00, 0x00, 0x00, 0x00, 0x00, 0x00, 0x00, 0x00, 0x00, 0x00,
    0x00, 0x00, 0x00, 0x00, 0x00, 0x00, 0x00, 0x00, 0x00, 0x00, 0x00, 0x00, 0x00, 0x00, 0x00, 0x00,
    0x00, 0x00, 0x00, 0x00, 0x00, 0x00, 0x00, 0x00, 0x00, 0x00, 0x00, 0x00, 0x00, 0x00, 0x00, 0x00,
    0x00, 0x00, 0x00, 0x00, 0x00, 0x00, 0x00, 0x00, 0x00, 0x00, 0x00, 0x00, 0x00, 0x00, 0x00, 0x00,
    0x00, 0x00, 0x00, 0x00, 0x00, 0x00, 0x00, 0x00, 0x00, 0x00, 0x00, 0x00, 0x00, 0x00, 0x00, 0x00,
    0x00, 0x00, 0x00, 0x00, 0x00, 0x00, 0x00, 0x00, 0x00, 0x00, 0x00, 0x00, 0x00, 0x00, 0x00, 0x00,
    0x00, 0x00, 0x00, 0x00, 0x00, 0x00, 0x00, 0x00, 0x00, 0x00, 0x00, 0x00, 0x00, 0x00, 0x00, 0x00,
    0x00, 0x00, 0x00, 0x00, 0x00, 0x00, 0x00, 0x00, 0x00, 0x00, 0x00, 0x00, 0x00, 0x00, 0x00, 0x00,
    0x00, 0x00, 0x00, 0x00, 0x00, 0x00, 0x00, 0x00, 0x00, 0x00, 0x00, 0x00, 0x00, 0x00, 0x00, 0x00,
    0x00, 0x00, 0x00, 0x00, 0x00, 0x00, 0x00, 0x00, 0x00, 0x00, 0x00, 0x00, 0x00, 0x00, 0x00, 0x00,
    0x00, 0x00, 0x00, 0x00, 0x00, 0x00, 0x00, 0x00, 0x00, 0x00, 0x00, 0x00, 0x00, 0x00, 0x00, 0x00,
    0x00, 0x00, 0x00, 0x00, 0x00, 0x00, 0x00, 0x00, 0x00, 0x00, 0x00, 0x06, 0x2d, 0x30, 0x30, 0x30,
    0x30, 0x30, 0x30, 0x30, 0x30, 0x30, 0x30, 0x30, 0x30, 0x2d, 0x06, 0x00, 0x00, 0x00, 0x00, 0x00,
    0x00, 0x00, 0x00, 0x00, 0x00, 0x00, 0x00, 0x00, 0x15, 0xdc, 0xff, 0xff, 0xff, 0xff, 0xff, 0xff,
    0xff, 0xff, 0xff, 0xff, 0xff, 0xff, 0xff, 0xff, 0xdc, 0x15, 0x00, 0x00, 0x00, 0x00, 0x00, 0x00,
    0x00, 0x00, 0x00, 0x00, 0x00, 0x00, 0x66, 0xff, 0xd2, 0xaf, 0xaf, 0xaf, 0xaf, 0xaf, 0xaf, 0xaf,
    0xaf, 0xaf, 0xaf, 0xaf, 0xaf, 0xd2, 0xff, 0x66, 0x00, 0x00, 0x00, 0x00, 0x00, 0x00, 0x00, 0x00,
    0x00, 0x00, 0x00, 0x00, 0x6f, 0xff, 0x6f, 0x00, 0x00, 0x00, 0x00, 0x00, 0x00, 0x00, 0x00, 0x00,
    0x00, 0x00, 0x00, 0x6f, 0xff, 0x6f, 0x00, 0x00, 0x00, 0x00, 0x00, 0x00, 0x00, 0x00, 0x00, 0x00,
    0x00, 0x00, 0x6f, 0xff, 0x6f, 0x00, 0x00, 0x00, 0x00, 0x00, 0x00, 0x00, 0x00, 0x00, 0x00, 0x00,
    0x00, 0x6f, 0xff, 0x6f, 0x00, 0x00, 0x00, 0x00, 0x00, 0x00, 0x00, 0x00, 0x00, 0x00, 0x00, 0x00,
    0x6f, 0xff, 0x6f, 0x00, 0x00, 0x00, 0x00, 0x00, 0x00, 0x00, 0x00, 0x00, 0x00, 0x00, 0x00, 0x6f,
    0xff, 0x6f, 0x00, 0x00, 0x00, 0x00, 0x00, 0x00, 0x00, 0x00, 0x00, 0x00, 0x00, 0x00, 0x6f, 0xff,
    0x71, 0x00, 0x00, 0x00, 0x00, 0x00, 0x00, 0x00, 0x00, 0x00, 0x00, 0x00, 0x00, 0x72, 0xff, 0x6f,
    0x00, 0x00, 0x00, 0x00, 0x00, 0x00, 0x00, 0x00, 0x00, 0x00, 0x00, 0x00, 0x4d, 0xff, 0xec, 0x9f,
    0x9f, 0x9f, 0x9f, 0x9f, 0x9f, 0x9f, 0x9f, 0x9f, 0x9f, 0x9f, 0xa0, 0xf1, 0xff, 0x49, 0x00, 0x00,
    0x00, 0x00, 0x00, 0x00, 0x00, 0x00, 0x00, 0x00, 0x00, 0x00, 0x01, 0x89, 0xfe, 0xff, 0xff, 0xff,
    0xff, 0xff, 0xff, 0xff, 0xff, 0xff, 0xff, 0xff, 0xff, 0xfc, 0x7e, 0x00, 0x00, 0x00, 0x00, 0x00,
    0x00, 0x00, 0x00, 0x00, 0x00, 0x00, 0x00, 0x00, 0x00, 0x00, 0x4c, 0xec, 0xff, 0xf0, 0x7e, 0x66,
    0x66, 0x66, 0x66, 0x80, 0xf2, 0xff, 0xe9, 0x45, 0x00, 0x00, 0x00, 0x00, 0x00, 0x00, 0x00, 0x00,
    0x00, 0x00, 0x00, 0x00, 0x00, 0x00, 0x00, 0x00, 0x00, 0x1e, 0xc6, 0xff, 0xf0, 0x70, 0x33, 0x33,
    0x72, 0xf1, 0xff, 0xc1, 0x1a, 0x00, 0x00, 0x00, 0x00, 0x00, 0x00, 0x00, 0x00, 0x00, 0x00, 0x00,
    0x00, 0x00, 0x00, 0x00, 0x00, 0x00, 0x00, 0x00, 0x05, 0x8b, 0xfe, 0xfe, 0xa2, 0xa3, 0xfe, 0xfd,
    0x86, 0x03, 0x00, 0x00, 0x00, 0x00, 0x00, 0x00, 0x00, 0x00, 0x00, 0x00, 0x00, 0x00, 0x00, 0x00,
    0x00, 0x00, 0x00, 0x00, 0x00, 0x00, 0x00, 0x00, 0x4c, 0xec, 0xff, 0xff, 0xeb, 0x4a, 0x00, 0x00,
    0x00, 0x00, 0x00, 0x00, 0x00, 0x00, 0x00, 0x00, 0x00, 0x00, 0x00, 0x00, 0x00, 0x00, 0x00, 0x00,
    0x00, 0x00, 0x00, 0x00, 0x00, 0x00, 0x4d, 0xec, 0xff, 0xff, 0xeb, 0x4a, 0x00, 0x00, 0x00, 0x00,
    0x00, 0x00, 0x00, 0x00, 0x00, 0x00, 0x00, 0x00, 0x00, 0x00, 0x00, 0x00, 0x00, 0x00, 0x00, 0x00,
    0x00, 0x00, 0x05, 0x8b, 0xfe, 0xfe, 0xfd, 0xfd, 0xfe, 0xfd, 0x87, 0x03, 0x00, 0x00, 0x00, 0x00,
    0x00, 0x00, 0x00, 0x00, 0x00, 0x00, 0x00, 0x00, 0x00, 0x00, 0x00, 0x00, 0x00, 0x00, 0x00, 0x1e,
    0xc6, 0xff, 0xec, 0x4c, 0xef, 0xef, 0x4f, 0xee, 0xff, 0xc1, 0x1a, 0x00, 0x00, 0x00, 0x00, 0x00,
    0x00, 0x00, 0x00, 0x00, 0x00, 0x00, 0x00, 0x00, 0x00, 0x00, 0x00, 0x00, 0x4d, 0xec, 0xff, 0xc6,
    0x1e, 0x00, 0xef, 0xef, 0x00, 0x21, 0xca, 0xff, 0xe9, 0x45, 0x00, 0x00, 0x00, 0x00, 0x00, 0x00,
    0x00, 0x00, 0x00, 0x00, 0x00, 0x00, 0x00, 0x00, 0x01, 0x89, 0xfe, 0xfe, 0x8b, 0x04, 0x00, 0x00,
    0xec, 0xec, 0x00, 0x00, 0x06, 0x93, 0xfe, 0xfc, 0x7e, 0x00, 0x00, 0x00, 0x00, 0x00, 0x00, 0x00,
    0x00, 0x00, 0x00, 0x00, 0x00, 0x00, 0x4d, 0xff, 0xec, 0x4c, 0x00, 0x00, 0x00, 0x00, 0x63, 0x63,
    0x00, 0x00, 0x00, 0x00, 0x55, 0xf1, 0xff, 0x49, 0x00, 0x00, 0x00, 0x00, 0x00, 0x00, 0x00, 0x00,
    0x00, 0x00, 0x00, 0x00, 0x6f, 0xff, 0x71, 0x00, 0x00, 0x00, 0x00, 0x00, 0x00, 0x00, 0x00, 0x00,
    0x00, 0x00, 0x00, 0x72, 0xff, 0x6f, 0x00, 0x00, 0x00, 0x00, 0x00, 0x00, 0x00, 0x00, 0x00, 0x00,
    0x00, 0x00, 0x6f, 0xff, 0x6f, 0x00, 0x00, 0x00, 0x00, 0x00, 0x00, 0x00, 0x00, 0x00, 0x00, 0x00,
    0x00, 0x6f, 0xff, 0x6f, 0x00, 0x00, 0x00, 0x00, 0x00, 0x00, 0x00, 0x00, 0x00, 0x00, 0x00, 0x00,
    0x6f, 0xff, 0x6f, 0x00, 0x00, 0x00, 0x00, 0x00, 0x00, 0x00, 0x00, 0x00, 0x00, 0x00, 0x00, 0x6f,
    0xff, 0x6f, 0x00, 0x00, 0x00, 0x00, 0x00, 0x00, 0x00, 0x00, 0x00, 0x00, 0x00, 0x00, 0x6f, 0xff,
    0x6f, 0x00, 0x00, 0x00, 0x00, 0x00, 0x00, 0x00, 0x00, 0x00, 0x00, 0x00, 0x00, 0x6f, 0xff, 0x6f,
    0x00, 0x00, 0x00, 0x00, 0x00, 0x00, 0x00, 0x00, 0x00, 0x00, 0x00, 0x00, 0x66, 0xff, 0xd2, 0xaf,
    0xaf, 0xaf, 0xaf, 0xaf, 0xaf, 0xaf, 0xaf, 0xaf, 0xaf, 0xaf, 0xaf, 0xd2, 0xff, 0x66, 0x00, 0x00,
    0x00, 0x00, 0x00, 0x00, 0x00, 0x00, 0x00, 0x00, 0x00, 0x00, 0x15, 0xdc, 0xff, 0xff, 0xff, 0xff,
    0xff, 0xff, 0xff, 0xff, 0xff, 0xff, 0xff, 0xff, 0xff, 0xff, 0xdc, 0x15, 0x00, 0x00, 0x00, 0x00,
    0x00, 0x00, 0x00, 0x00, 0x00, 0x00, 0x00, 0x00, 0x00, 0x06, 0x2d, 0x30, 0x30, 0x30, 0x30, 0x30,
    0x30, 0x30, 0x30, 0x30, 0x30, 0x30, 0x30, 0x2d, 0x06, 0x00, 0x00, 0x00, 0x00, 0x00, 0x00, 0x00,
    0x00, 0x00, 0x00, 0x00, 0x00, 0x00, 0x00, 0x00, 0x00, 0x00, 0x00, 0x00, 0x00, 0x00, 0x00, 0x00,
    0x00, 0x00, 0x00, 0x00, 0x00, 0x00, 0x00, 0x00, 0x00, 0x00, 0x00, 0x00, 0x00, 0x00, 0x00, 0x00,
    0x00, 0x00, 0x00, 0x00, 0x00, 0x00, 0x00, 0x00, 0x00, 0x00, 0x00, 0x00, 0x00, 0x00, 0x00, 0x00,
    0x00, 0x00, 0x00, 0x00, 0x00, 0x00, 0x00, 0x00, 0x00, 0x00, 0x00, 0x00,
};

const lv_image_dsc_t app_icon_timer = {
    .header.magic = LV_IMAGE_HEADER_MAGIC,
    .header.cf = LV_COLOR_FORMAT_RGB565A8,
    .header.w = 30,
    .header.h = 30,
    .data_size = sizeof(app_icon_timer_map),
    .data = app_icon_timer_map,
};
